"Before" and "after" data for 1518 GSC plates

Explanation of columns:

Plate = original GSC plate identifier code.
Date = date the plate was taken (_not_ the date it was scanned).
Survey = most plates came from the Palomar V or SERC-J2 surveys,  but you
   will see a few exceptions here and there.
RA, dec = J2000 center of the plate.
#stars = number of stars in the ACT that appear on the plate.
N1 = number of stars where the distance (GSC-ACT) was greater than one
   arcsecond,  before the astrometric correction was applied (i.e.,  using
   the original GSC 1.1 position).  Such cases were considered to be
   'outliers'.
N2 = number of stars where the distance (GSC-ACT) was greater than one
   arcsecond,  after the astrometric correction was applied (i.e.,  using
   the GSC-ACT position).
RMS1 = root-mean-square value of the distance (GSC-ACT),  with 'outliers'
   omitted,  using GSC 1.1.
RMS2 = root-mean-square value of the distance (GSC-ACT),  with 'outliers'
   omitted,  using GSC-ACT.

Plate   date     Survey     RA (J2000) dec    N1     N2 #stars RMS1  RMS2
----    ----     ------     --         ---    --     -- ------ ----  ----
0001  17 APR 83  PAL-V1     13 39   +71 16     63     9   598  0.51  0.23
0005  11 FEB 83  PAL-V1     05 16   +54 10    107    34   939  0.53  0.39
0009  18 FEB 83  PAL-V1     09 40   +53 21     58    17   579  0.49  0.24
000A  09 JAN 83  PAL-V1     02 39   +42 37    160    76  1519  0.46  0.28
000B  09 JAN 83  PAL-V1     10 38   +41 15     42    18   523  0.47  0.22
000C  14 JAN 83  PAL-V1     06 39   +29 53    111    42  1219  0.46  0.25
000I  14 JAN 83  PAL-V1     07 31   +29 42     84    17   862  0.50  0.24
000J  07 JUL 83  PAL-V1     19 36   +30 19    428   223  2832  0.53  0.37
000L  07 JAN 83  PAL-V1     04 29   +24 19     65    16   450  0.48  0.30
000M  07 JAN 83  PAL-V1     05 47   +24 04    173    69  1420  0.46  0.31
000O  16 DEC 82  PAL-V1     04 08   +18 23     44    11   425  0.49  0.24
000P  17 DEC 82  PAL-V1     04 32   +18 19     69    25   575  0.47  0.26
000Y  13 FEB 80  SERC-J2    07 01   -45 04    549   111  1454  0.68  0.30
0019  17 JUL 80  SERC-J2    23 49   -29 43    216    25   466  0.61  0.29
001A  04 APR 80  SERC-J2    07 44   -25 07    655   430  3249  0.51  0.40
001B  30 MAY 76  SERC-J1    16 11   -25 08    337   159   691  0.63  0.46
001C  27 MAY 76  SERC-J1    19 29   -24 54    381    74   995  0.68  0.36
001S  17 DEC 82  PAL-V1     06 32   +17 54    175    69  1370  0.55  0.30
0024  13 OCT 77  SERC-J2    00 03   -74 43     90    43   708  0.50  0.28
0025  11 MAR 76  SERC-J1    14 38   -60 13    703   259  2265  0.63  0.38
0026  06 JAN 78  SERC-J2    07 31   -50 06    340   122  1309  0.59  0.32
0027  22 APR 76  SERC-J1    09 32   -50 13   1188   287  2257  0.72  0.41
0028  11 MAR 75  SERC-J1    11 18   -40 16    759    72  1141  0.77  0.30
0029  24 JUL 74  SERC-J1    19 07   -39 55    261   102   910  0.61  0.39
002I  16 DEC 82  PAL-V1     07 20   +17 44     94    45  1134  0.48  0.29
002J  17 OCT 82  PAL-V1     04 32   +12 19     38    13   472  0.51  0.30
002K  21 MAY 82  PAL-V1     13 07   +29 13     34    10   381  0.50  0.23
002L  17 DEC 82  PAL-V1     02 08   +06 41     24    10   445  0.49  0.24
002M  18 NOV 82  PAL-V1     02 32   +06 39     27    15   425  0.50  0.23
002N  18 NOV 82  PAL-V1     04 08   +06 23     30     9   417  0.42  0.28
003A  09 MAR 83  PAL-V1     14 01   +53 18     65    19   508  0.48  0.33
003F  06 SEP 83  PAL-V1     21 33   +72 39     91    30   801  0.50  0.27
003H  05 SEP 83  PAL-V1     22 44   +72 46    101    30  1112  0.46  0.28
003I  08 JUL 83  PAL-V1     20 20   +54 27    209    88  2113  0.47  0.28
003M  08 JUL 83  PAL-V1     20 58   +54 34    181    57  1405  0.52  0.30
003N  08 JUL 83  PAL-V1     21 37   +54 39    210   106  2066  0.48  0.30
003O  14 JAN 83  PAL-V1     04 43   +48 17     96    53  1076  0.48  0.28
003P  05 SEP 83  PAL-V1     21 37   +48 39    290   139  2638  0.52  0.30
003R  09 JAN 83  PAL-V1     03 40   +42 28    118    51  1353  0.43  0.27
003S  03 SEP 83  PAL-V1     20 05   +42 25    339   143  2620  0.48  0.33
003U  21 OCT 82  PAL-V1     03 25   +36 31    106    19   935  0.51  0.33
003V  21 OCT 82  PAL-V1     04 22   +36 21     72    17   815  0.54  0.32
0049  21 OCT 82  PAL-V1     04 50   +36 15     55    20   610  0.54  0.31
004B  21 OCT 82  PAL-V1     05 18   +36 10    156    75  1720  0.49  0.33
004C  12 AUG 83  PAL-V1     20 09   +36 25    477   189  3093  0.54  0.36
004E  19 MAY 82  PAL-V1     17 18   +17 51     61    33   954  0.43  0.26
004Z  16 JUL 83  PAL-V1     21 34   +36 38    206    91  1992  0.48  0.27
0050  18 OCT 82  PAL-V1     03 37   +30 29     59    14   572  0.50  0.26
0051  18 OCT 82  PAL-V1     04 29   +30 19     59    13   617  0.49  0.23
0052  14 JAN 83  PAL-V1     07 05   +29 47    146    46  1155  0.49  0.26
0054  18 OCT 82  PAL-V1     21 20   +30 37    166    51  1732  0.46  0.27
005F  13 FEB 78  SERC-J2    08 47   -20 11    328    87  1172  0.67  0.30
005N  07 JAN 83  PAL-V1     04 55   +24 14     43    16   573  0.49  0.27
006K  20 APR 82  PAL-V1     16 31   +11 41     71    17   799  0.50  0.27
006M  25 JUN 79  SERC-J2    20 23   -14 50    373    60   928  0.63  0.30
006N  12 MAR 83  SERC-J2    13 23   -10 16     99    17   412  0.55  0.28
006P  11 JUL 82  SERC-J2    16 44   -10 06     67    23   378  0.52  0.28
006Q  24 AUG 78  SERC-J2    18 23   -09 58    145    64   540  0.58  0.35
006R  24 JUL 82  SERC-J2    21 43   +00 14     76    33   627  0.51  0.25
0075  07 JAN 83  PAL-V1     05 21   +24 09    103    36   663  0.56  0.34
0076  07 JAN 83  PAL-V1     06 13   +23 58    152    71  1416  0.44  0.31
0078  07 JAN 83  PAL-V1     06 39   +23 53    157    66  1461  0.49  0.30
0079  13 JAN 83  PAL-V1     07 05   +23 47    134    56  1256  0.44  0.26
007A  16 DEC 82  PAL-V1     08 32   +17 31     45    21   927  0.52  0.25
007I  03 APR 76  SERC-J1    15 28   -65 10    802   391  2498  0.63  0.45
007J  21 MAR 77  SERC-J1    09 31   -60 13    568   330  2301  0.57  0.43
007L  02 APR 76  SERC-J1    13 21   -60 16    677   299  3050  0.55  0.42
007N  11 APR 77  SERC-J2    08 49   -55 11    644   238  2147  0.56  0.38
0082  01 MAY 82  SERC-J2    16 03   -00 08    140    26   481  0.67  0.30
0083  23 DEC 82  SERC-J2    07 23   -00 06   1265   183  1704  0.68  0.39
0084  28 DEC 83  SERC-J2    05 43   +00 01    487    77   955  0.60  0.29
0085  13 OCT 82  SERC-J2    02 43   +00 13    114    26   423  0.56  0.27
0086  07 AUG 84  SERC-J2    02 03   +00 14    108    18   442  0.66  0.24
0087  12 SEP 82  SERC-J2    21 43   -09 46     55    15   580  0.49  0.25
008Q  13 AUG 83  PAL-V1     22 39   +24 45    139    27   925  0.48  0.34
008S  15 FEB 83  PAL-V1     13 42   +47 16     61    20   468  0.53  0.22
008T  14 JUN 83  PAL-V1     20 28   +48 29    342   194  2280  0.52  0.32
008U  09 JAN 83  PAL-V1     04 10   +42 23     77    29  1084  0.47  0.28
0094  10 MAR 76  SERC-J1    13 35   -80 15    176    80  1008  0.58  0.33
0095  10 FEB 77  SERC-J1    06 34   -75 03    212    57   868  0.71  0.28
009H  09 SEP 75  SERC-J1    01 02   -49 44    102    29   520  0.61  0.22
009I  14 AUG 82  SERC-J2    17 43   -05 01     89    23   403  0.61  0.32
009J  23 MAY 82  PAL-V1     17 05   +41 48     68    29   831  0.45  0.25
009K  03 SEP 83  PAL-V1     20 38   +36 26    403   171  2698  0.53  0.32
009L  21 MAY 82  PAL-V1     13 33   +29 15     51    17   445  0.50  0.28
009M  14 JAN 83  PAL-V1     03 37   +24 29     65    34   762  0.44  0.25
009N  16 DEC 82  PAL-V1     05 44   +18 04    115    48  1287  0.48  0.25
00A5  05 NOV 83  PAL-V1     00 09   +84 48    112    25   898  0.59  0.27
00A6  03 SEP 83  PAL-V1     22 23   +84 44    193    33   921  0.63  0.28
00A7  07 MAY 83  PAL-V1     15 16   +77 29     78    19   748  0.62  0.30
00A8  06 SEP 83  PAL-V1     21 26   +78 38     70    28   802  0.50  0.26
00A9  16 APR 83  PAL-V1     14 47   +65 24     52    13   575  0.54  0.27
00AI  28 DEC 76  SERC-J1    08 32   -50 10   1151   261  2039  0.73  0.38
00AJ  28 NOV 75  SERC-J1    05 09   -44 56    209    36   747  0.65  0.29
00AK  11 MAR 75  SERC-J1    13 35   -45 15    846   108  1280  0.74  0.35
00AL  10 SEP 77  SERC-J2    02 12   -39 46    221    21   467  0.74  0.25
00AM  15 SEP 77  SERC-J2    03 56   -39 51    235    40   591  0.71  0.25
00AN  19 DEC 76  SERC-J1    05 14   -39 57    420    46   837  0.70  0.27
00AO  24 JAN 77  SERC-J1    07 38   -35 07    993   232  2071  0.74  0.38
00AP  23 MAR 77  SERC-J1    14 51   -35 12    810    80  1087  0.76  0.32
00AR  27 JUL 76  SERC-J1    20 03   -34 52    208    69   779  0.57  0.29
00AS  18 NOV 76  SERC-J1    00 25   -29 43    214    56   415  0.69  0.26
00BA  07 JAN 83  SERC-J2    07 42   -15 07    518   240  2489  0.57  0.36
00BB  29 MAR 84  SERC-J1    12 23   -00 17    163    25   381  0.70  0.23
00BC  24 SEP 82  SERC-J1    01 42   -14 45     59    22   412  0.56  0.25
00BD  22 OCT 82  SERC-J1    02 42   -14 47    162    20   402  0.69  0.25
00BE  11 JUL 82  SERC-J1    15 03   -15 12     99    34   615  0.57  0.27
00C6  11 AUG 83  PAL-V1     21 20   +60 37    118    45  1324  0.48  0.32
00C8  04 SEP 83  PAL-V1     21 05   +42 35    327   135  2127  0.45  0.31
00CK  22 JUL 82  PAL-V1     16 53   +35 45     95    22   793  0.49  0.27
00CL  23 MAY 82  PAL-V1     16 35   +41 42     81    20   718  0.48  0.25
00CN  12 JUL 80  SERC-J2    19 43   -14 53    305    61   863  0.67  0.33
00CT  29 JUN 82  SERC-J2    22 03   -14 45     90    35   526  0.51  0.26
00CU  07 NOV 82  SERC-J1    23 23   -14 44     85    20   406  0.48  0.26
00CV  14 NOV 82  SERC-J2    00 43   -09 44    149    20   389  0.70  0.23
00CW  02 JUL 76  SERC-J1    23 27   -39 43     53    27   444  0.51  0.29
00DA  18 AUG 77  SERC-J1    01 11   -29 44    167    15   446  0.65  0.27
00DF  18 OCT 82  PAL-V1     03 11   +30 33     54    20   587  0.43  0.24
00DG  18 OCT 82  PAL-V1     04 03   +30 24     56    11   706  0.49  0.22
00DH  18 OCT 82  PAL-V1     05 21   +30 09    112    47  1227  0.48  0.27
00DI  18 OCT 82  PAL-V1     05 47   +30 03    195    82  1558  0.45  0.30
00DJ  17 APR 83  PAL-V1     12 15   +29 12     35     7   355  0.48  0.26
00DV  18 OCT 82  PAL-V1     01 26   +30 45     53    20   736  0.47  0.24
00DW  21 SEP 79  SERC-J1    02 42   -09 47    175    20   359  0.61  0.23
00DX  18 OCT 82  SERC-J1    05 42   -09 59    234    35   847  0.72  0.26
00DY  06 AUG 84  SERC-J2    01 42   -09 45    209    28   456  0.67  0.25
00DZ  10 JAN 84  SERC-J1    08 42   -10 11    499   105  1186  0.68  0.32
00E0  13 AUG 82  SERC-J1    18 03   -10 00     33     9   315  0.61  0.31
00E1  12 SEP 82  SERC-J1    20 43   -09 49    159    45   954  0.56  0.27
00E2  28 SEP 81  SERC-J1    21 23   -09 47     73    33   565  0.52  0.28
00EJ  14 JAN 83  PAL-V1     03 10   +24 33     46    14   566  0.43  0.22
00EK  07 JAN 83  PAL-V1     04 03   +24 24     92    38   679  0.46  0.32
00EL  13 JAN 83  PAL-V1     07 31   +23 38     68    36   990  0.42  0.25
00EW  16 SEP 82  SERC-J2    00 43   -04 44     64    13   348  0.63  0.22
00F2  16 SEP 82  SERC-J2    02 03   -04 46    124    15   430  0.75  0.22
00F3  22 AUG 82  SERC-J2    02 23   -04 46    126    18   390  0.65  0.28
00F4  04 MAR 83  SERC-J2    06 42   -05 03    466   143  1591  0.58  0.37
00F5  13 AUG 82  SERC-J2    17 03   -05 04    181    17   405  0.60  0.27
00FB  20 MAY 82  PAL-V1     14 51   +23 24     31     6   428  0.46  0.25
00FF  20 AUG 82  PAL-V1     20 02   +24 24    360   153  1905  0.57  0.40
00FG  05 SEP 83  PAL-V1     01 44   +18 44     67    13   494  0.56  0.25
00FH  16 DEC 82  PAL-V1     03 44   +18 28     47    13   467  0.50  0.28
00FI  16 DEC 82  PAL-V1     04 56   +18 14     45    22   667  0.45  0.24
00FJ  16 DEC 82  PAL-V1     06 08   +17 59     96    46  1461  0.52  0.26
00G0  20 MAY 82  PAL-V1     12 31   +17 12     21     6   383  0.42  0.25
00G1  19 MAY 82  PAL-V1     14 55   +17 25     48    18   402  0.43  0.24
00GB  06 MAY 75  SERC-J1    16 03   -35 08    736    96  1042  0.72  0.37
00GC  20 JUN 74  SERC-J1    20 45   -29 49    282    66   861  0.61  0.34
00GD  17 AUG 77  SERC-J2    23 03   -29 44    206    34   442  0.59  0.25
00GM  20 MAY 82  PAL-V1     15 43   +17 32     27    15   420  0.45  0.25
00GO  19 OCT 82  PAL-V1     22 55   +18 46     53    11   680  0.51  0.23
00GP  21 OCT 82  PAL-V1     23 43   +18 48     53    18   662  0.49  0.29
00GQ  04 SEP 83  PAL-V1     00 07   +12 48     39    11   481  0.47  0.26
00GR  17 OCT 82  PAL-V1     01 20   +12 46     46    21   494  0.48  0.26
00GS  17 OCT 82  PAL-V1     02 32   +12 39     27    16   412  0.46  0.24
00GT  17 OCT 82  PAL-V1     02 56   +12 35     39     8   391  0.50  0.30
00GU  23 FEB 79  SERC-J2    10 40   -25 16    187    34   728  0.69  0.27
00GV  21 MAY 76  SERC-J1    15 27   -25 10    121    62   790  0.53  0.27
00GX  12 OCT 82  SERC-J2    22 03   -04 45     68    24   548  0.50  0.25
00GY  18 OCT 82  SERC-J2    23 03   -04 44     90    22   442  0.55  0.28
00GZ  13 NOV 82  SERC-J2    01 43   +00 15    125    25   474  0.62  0.24
00H0  15 MAY 82  SERC-J2    10 43   -00 16     80    18   411  0.57  0.25
00H1  16 JUN 79  SERC-J2    14 23   -00 14    172    33   434  0.71  0.27
00H2  10 JUL 82  SERC-J2    15 43   -00 10     56    22   411  0.63  0.28
00H3  29 JUN 76  SERC-J1    16 09   -20 08    110    34   563  0.60  0.31
00H4  12 JUL 77  SERC-J2    19 15   -34 55    326   128  1076  0.63  0.39
00H5  07 MAY 78  SERC-J2    14 55   -55 12    619   225  2382  0.60  0.39
00H6  07 JUL 75  SERC-J1    15 28   -55 10   1015   304  2532  0.62  0.37
00I0  14 JAN 80  SERC-J2    06 10   -30 01    382    70  1183  0.66  0.28
00IX  17 OCT 82  PAL-V1     05 44   +12 04    127    38  1060  0.47  0.29
00IY  26 JAN 82  PAL-V1     12 31   +11 12     39    19   399  0.45  0.25
00IZ  26 JAN 82  PAL-V1     13 19   +11 14     30    13   386  0.42  0.22
00J0  20 APR 82  PAL-V1     14 55   +11 25     35    13   421  0.44  0.27
00J1  20 APR 82  PAL-V1     15 43   +11 32     42    14   455  0.47  0.27
00J2  25 JUL 82  PAL-V1     19 43   +12 20    393   188  1994  0.50  0.38
00JA  20 MAY 82  PAL-V1     17 43   +11 56     77    37  1123  0.41  0.24
00JB  20 MAY 82  PAL-V1     18 31   +12 06    163    77  1365  0.50  0.33
00JC  23 JUL 82  PAL-V1     20 07   +12 25    260   107  1867  0.48  0.33
00JD  17 OCT 82  PAL-V1     22 55   +12 46     40    19   507  0.49  0.25
00JE  17 OCT 82  PAL-V1     23 19   +12 47     34    14   528  0.47  0.23
00JG  15 AUG 83  PAL-V1     23 43   +12 48     62    17   535  0.45  0.29
00JH  19 OCT 82  PAL-V1     00 56   +06 47     38    20   503  0.49  0.24
00JI  16 JUN 79  SERC-J2    16 13   -65 08   1060   392  3074  0.67  0.44
00JJ  12 MAR 75  SERC-J1    11 38   -35 17    321    67   959  0.67  0.32
00JK  15 JAN 83  SERC-J2    08 23   -00 10    629    51  1129  0.78  0.26
00JL  06 MAR 84  SERC-J2    10 03   -00 15    219    18   497  0.74  0.25
00JM  04 AUG 80  SERC-J2    16 43   -00 06    150    46   680  0.60  0.28
00JO  12 JUL 82  SERC-J2    17 03   -00 04    142    28   674  0.66  0.26
00JP  18 AUG 82  SERC-J2    17 43   -00 01    237    50   763  0.64  0.33
00JQ  01 OCT 81  SERC-J2    23 23   +00 16     80    28   432  0.55  0.26
00KS  22 AUG 82  SERC-J2    01 22   -14 44     54    27   424  0.45  0.26
00KT  20 AUG 82  SERC-J2    02 02   -14 46     77    19   453  0.60  0.28
00KZ  21 AUG 82  SERC-J2    02 22   -14 46    228    10   431  0.63  0.23
00L1  23 NOV 82  SERC-J2    06 02   -15 00    293    47  1102  0.70  0.30
00L2  18 NOV 79  SERC-J2    06 42   -15 03    429   111  1232  0.69  0.35
00L5  10 JUL 75  SERC-J1    16 57   -65 05    709   189  2557  0.67  0.35
00L6  19 MAR 79  SERC-J2    08 53   -60 11    528   160  1854  0.60  0.40
00LJ  03 MAR 84  PAL-V1     11 32   +53 12     38    13   490  0.48  0.27
00LK  01 MAR 84  PAL-V1     12 09   +53 12     49    18   492  0.56  0.36
00LN  10 JAN 84  PAL-V1     10 19   +83 16     57    18   819  0.48  0.24
00LO  06 NOV 83  PAL-V1     00 08   +78 48    136    36  1162  0.51  0.25
00LP  07 NOV 83  PAL-V1     03 23   +78 33    112    36  1053  0.51  0.25
00LQ  05 NOV 83  PAL-V1     08 01   +77 38     96    21   922  0.48  0.28
00LX  29 AUG 84  PAL-V4     19 50   +78 23     57    26   978  0.47  0.25
00LY  07 MAR 76  SERC-J1    14 23   -75 14    834   144  1697  0.75  0.36
00M0  20 APR 75  SERC-J1    17 04   -50 04    432   251  1852  0.57  0.44
00M8  05 NOV 83  PAL-V1     05 58   +72 02    119    35  1024  0.49  0.28
00M9  06 FEB 84  PAL-V1     10 23   +71 16     66    13   643  0.49  0.27
00MA  16 MAY 83  PAL-V1     19 14   +72 15    142    34  1013  0.44  0.31
00MB  06 NOV 83  PAL-V1     01 01   +66 47    107    33  1218  0.46  0.29
00MC  02 MAR 84  PAL-V1     08 02   +65 37     58    13   834  0.48  0.25
00MD  03 MAR 84  PAL-V1     12 15   +65 12     53    13   541  0.43  0.23
00MP  04 MAY 76  SERC-J1    18 18   -69 59    374   100  1366  0.71  0.31
00MQ  02 APR 76  SERC-J1    08 05   -65 09    284    70  1324  0.68  0.31
00MR  03 MAR 81  SERC-J2    07 02   -85 05    114    24   778  0.65  0.28
00MS  20 NOV 82  SERC-J2    06 36   -65 03    134    50   997  0.60  0.24
00MT  29 NOV 80  SERC-J2    23 31   -64 43    137    35   600  0.59  0.27
00MU  14 OCT 80  SERC-J2    05 05   -59 56    349    37   718  0.74  0.27
00MV  05 AUG 80  SERC-J2    22 13   -59 45    256    41   641  0.69  0.28
00MW  10 OCT 80  SERC-J2    22 51   -59 44    141    39   575  0.63  0.28
00OF  15 SEP 82  SERC-J2    03 02   -14 48    114    16   364  0.70  0.25
00OG  13 DEC 82  SERC-J2    07 02   -15 04    330   127  1836  0.57  0.33
00OH  24 JAN 82  SERC-J2    10 22   -15 15    249    48   558  0.73  0.30
00OI  20 APR 82  SERC-J2    12 03   -15 17    131    22   473  0.62  0.28
00OJ  25 MAY 82  SERC-J2    12 43   -15 16    120    36   460  0.57  0.32
00OK  20 APR 82  SERC-J2    13 43   -15 15     87    24   435  0.62  0.26
00OL  17 AUG 77  SERC-J2    17 03   -85 05     81    37   843  0.53  0.32
00OM  30 JUL 76  SERC-J1    19 26   -84 54     92    43   828  0.50  0.30
00ON  29 AUG 76  SERC-J1    21 46   -84 46     89    42   728  0.52  0.35
00OO  08 OCT 77  SERC-J2    00 03   -79 43    102    44   663  0.54  0.27
00OP  12 OCT 77  SERC-J2    04 27   -79 53     83    33   739  0.50  0.25
00Q2  06 NOV 83  PAL-V1     05 38   +84 06     67    13   915  0.54  0.24
00Q4  07 NOV 83  PAL-V1     08 04   +83 36     70    25   902  0.50  0.23
00Q5  04 MAY 83  PAL-V1     14 48   +83 25     86    25   749  0.49  0.30
00Q6  10 JAN 78  SERC-J2    05 56   -80 00    112    47   715  0.60  0.29
00Q7  08 DEC 75  SERC-J1    07 27   -80 06    159    36   791  0.61  0.30
00Q8  08 FEB 78  SERC-J2    08 58   -80 12    255    52   963  0.67  0.27
00Q9  28 JAN 76  SERC-J1    10 30   -80 15    226    72   891  0.64  0.34
00R9  03 APR 76  SERC-J1    12 03   -80 17    233    59   823  0.63  0.32
00RA  01 APR 76  SERC-J1    15 07   -80 12    193    94  1196  0.55  0.30
00RB  02 APR 76  SERC-J1    16 38   -80 06    184    71  1126  0.62  0.30
00RC  02 APR 76  SERC-J1    18 09   -80 00    240    60   976  0.65  0.28
00RD  13 SEP 76  SERC-J1    19 38   -79 53    103    54   715  0.57  0.30
00RE  03 DEC 75  SERC-J1    03 17   -74 49     74    34   689  0.55  0.24
00RF  29 NOV 75  SERC-J1    04 23   -74 53     75    25   588  0.62  0.26
00RG  04 JAN 76  SERC-J1    05 28   -74 58    113    51   709  0.63  0.30
00RH  11 DEC 75  SERC-J1    07 41   -75 07    444    46   855  0.77  0.29
00RI  30 MAR 76  SERC-J1    08 47   -75 11    780   112  1089  0.75  0.34
00RJ  01 APR 76  SERC-J1    12 09   -75 17    890    95  1099  0.80  0.33
00RK  06 SEP 75  SERC-J1    18 49   -74 57    366    79  1028  0.75  0.30
00RL  07 SEP 75  SERC-J1    21 00   -74 48    110    44   817  0.60  0.28
00RM  13 OCT 77  SERC-J2    22 05   -74 45    100    37   746  0.55  0.26
00S6  16 JAN 83  SERC-J2    08 02   -15 08    398   165  1853  0.59  0.35
00S7  14 FEB 83  SERC-J2    08 22   -15 10    253    97  1464  0.58  0.31
00S9  16 SEP 82  SERC-J2    20 03   -14 52    230    66   696  0.67  0.32
00SA  07 JUN 81  SERC-J2    20 43   -14 49    189    55   954  0.59  0.27
00T0  15 MAY 83  PAL-V1     18 12   +66 03    112    24   913  0.55  0.33
00T1  17 MAY 83  PAL-V1     19 04   +66 13    139    43  1163  0.47  0.32
00T2  12 AUG 83  PAL-V1     16 54   +59 47     75    23   715  0.59  0.29
00T3  15 MAY 83  PAL-V1     18 22   +60 04    152    36  1105  0.51  0.33
00T5  08 MAY 83  PAL-V1     17 09   +53 49    119    34   754  0.56  0.39
00T6  09 MAY 83  PAL-V1     17 47   +53 57    100    41   902  0.48  0.31
00T7  04 SEP 83  PAL-V1     23 33   +54 48    245   113  2336  0.45  0.29
00T8  15 FEB 83  PAL-V1     09 47   +47 20     66    24   632  0.48  0.25
00T9  23 JUN 82  PAL-V1     15 56   +47 35     49    22   583  0.47  0.25
00TA  14 JUN 83  PAL-V1     16 30   +47 42     70    28   696  0.45  0.26
00TB  08 MAY 83  PAL-V1     18 12   +48 02    112    39  1111  0.46  0.32
00TC  14 MAY 83  PAL-V1     19 20   +48 16    136    75  1694  0.46  0.30
00TD  14 JUN 83  PAL-V1     19 54   +48 23    215   136  2059  0.45  0.32
00TN  02 APR 84  SERC-J2    17 03   -10 04     51    21   383  0.56  0.28
00TO  21 NOV 82  SERC-J2    06 02   -10 00    563    61   905  0.73  0.29
00TP  07 FEB 83  SERC-J2    07 02   -10 04    466   180  1961  0.60  0.32
00TQ  15 FEB 83  SERC-J2    07 42   -10 07    501   186  2051  0.65  0.35
00TR  14 JUN 83  SERC-J2    16 23   -10 07     78    28   542  0.51  0.28
00TT  17 JAN 83  SERC-J2    07 02   -05 04    583   251  2052  0.65  0.36
00TU  03 JAN 84  SERC-J2    07 42   -05 07    532   186  1587  0.68  0.36
00TV  05 JAN 83  SERC-J2    06 23   -00 02    655    98  1141  0.74  0.38
00TW  04 MAR 81  SERC-J2    07 03   -00 04   1105   180  1756  0.74  0.36
00VL  05 SEP 83  PAL-V1     23 03   +78 47    116    34  1144  0.53  0.25
00VM  11 AUG 83  PAL-V1     19 50   +60 22    140    61  1766  0.47  0.31
00VN  11 FEB 83  PAL-V1     05 54   +54 02    153    47   945  0.54  0.38
00VO  11 FEB 83  PAL-V1     06 32   +53 54    120    44  1110  0.50  0.37
00VP  07 JUL 83  PAL-V1     19 03   +54 13    167    46  1392  0.42  0.28
00VQ  07 JUL 83  PAL-V1     19 41   +54 20    225    81  1866  0.45  0.29
00VR  04 SEP 83  PAL-V1     22 46   +48 46    215    98  2212  0.48  0.31
00VS  09 JAN 83  PAL-V1     06 10   +41 59     86    41  1321  0.46  0.27
00VT  09 JAN 83  PAL-V1     06 40   +41 53     90    38  1075  0.48  0.29
00VU  01 SEP 83  PAL-V1     07 10   +41 46    109    45   936  0.48  0.29
00VV  03 SEP 83  PAL-V1     20 35   +42 30    260   129  2277  0.44  0.30
00WM  19 NOV 82  SERC-J2    01 03   -04 44    145    11   354  0.74  0.24
00WN  19 MAR 80  SERC-J2    14 43   -00 13     83    17   398  0.59  0.27
00WO  20 JUL 82  SERC-J2    21 43   -14 46     83    25   589  0.46  0.24
00WP  19 SEP 82  SERC-J2    01 22   -09 44    104    21   409  0.68  0.24
00WQ  26 OCT 83  SERC-J2    23 23   -09 44    115    37   387  0.62  0.27
00WR  19 SEP 82  SERC-J2    04 22   -04 53    108    21   571  0.59  0.24
00WS  05 NOV 82  SERC-J2    00 23   +00 17     36    16   418  0.44  0.26
00WT  04 NOV 83  SERC-J2    01 23   +00 16     73    35   460  0.58  0.25
00WU  19 DEC 81  SERC-J2    04 43   +00 06    595    46   866  0.80  0.27
00WV  23 MAY 84  SERC-J2    11 43   -00 17     91    10   381  0.63  0.27
00WW  11 MAR 84  SERC-J2    13 03   -00 16    139    20   414  0.70  0.29
00XN  07 MAY 83  PAL-V1     13 24   +53 15     69    15   501  0.48  0.29
00XO  16 MAR 83  PAL-V1     16 31   +53 42     99    26   754  0.51  0.34
00XQ  09 MAY 83  PAL-V1     13 08   +47 14     26     8   456  0.45  0.27
00XR  15 FEB 83  PAL-V1     14 49   +47 22     58    18   503  0.48  0.29
00XS  23 JUN 82  PAL-V1     15 23   +47 29     39    16   541  0.45  0.27
00XT  09 JAN 83  PAL-V1     08 10   +41 35     64    19   769  0.47  0.25
00XV  09 JAN 83  PAL-V1     08 40   +41 30     46    13   665  0.45  0.24
00XW  09 JAN 83  PAL-V1     10 09   +41 18     43    17   541  0.45  0.22
00XX  07 MAY 83  PAL-V1     12 37   +41 12     48    13   452  0.48  0.30
00XY  23 MAY 82  PAL-V1     13 36   +41 16     27    11   435  0.49  0.27
00XZ  23 MAY 82  PAL-V1     14 06   +41 18     33    11   451  0.51  0.25
00Y0  23 MAY 82  PAL-V1     15 35   +41 31     75    18   533  0.52  0.28
00Y1  21 OCT 82  PAL-V1     01 04   +36 47     90    26   872  0.50  0.30
00Y2  17 FEB 83  PAL-V1     12 15   +35 12     35    11   382  0.45  0.23
00Z6  29 AUG 76  SERC-J1    21 07   -79 48     98    54   631  0.49  0.28
00Z7  12 JUL 80  SERC-J2    13 16   -75 16    834   124  1366  0.78  0.36
00Z8  13 SEP 76  SERC-J1    19 54   -74 52    167    61   954  0.65  0.30
00Z9  14 SEP 76  SERC-J1    20 53   -69 49    167    59   886  0.54  0.30
00ZA  13 NOV 79  SERC-J2    04 24   -64 53     81    52   685  0.47  0.30
00ZB  01 NOV 75  SERC-J1    00 03   -59 43    380    44   614  0.75  0.26
00ZC  21 DEC 79  SERC-J2    06 21   -60 01    324    70  1088  0.67  0.26
00ZD  16 MAY 82  SERC-J2    12 37   -40 17    407    51   887  0.64  0.29
00ZE  16 APR 83  PAL-V1     15 19   +17 28     23    13   402  0.44  0.27
00ZU  18 NOV 82  PAL-V1     02 56   +06 35     31    18   420  0.44  0.28
00ZV  18 NOV 82  PAL-V1     04 32   +06 19     47    17   660  0.45  0.28
00ZW  10 FEB 83  PAL-V1     11 19   +05 12     39     8   408  0.51  0.37
00ZX  16 APR 83  PAL-V1     12 55   +05 13     33    12   408  0.46  0.29
00ZY  25 JUL 82  PAL-V1     18 31   +06 06    215    95  1483  0.46  0.35
00ZZ  25 JUL 82  PAL-V1     19 19   +06 16    251   136  1281  0.51  0.37
0100  11 AUG 83  PAL-V1     23 19   +06 48     57    27   487  0.52  0.30
011D  14 JUN 75  SERC-J1    17 48   -60 01    403   131  1402  0.62  0.35
011E  19 DEC 79  SERC-J2    06 37   -55 03    220    90  1088  0.55  0.29
011F  21 JAN 80  SERC-J2    07 43   -55 07    397   154  1371  0.65  0.34
011G  19 DEC 79  SERC-J2    08 16   -55 09    322   124  1449  0.54  0.35
011L  24 JAN 80  SERC-J2    09 50   -45 14   1382   249  2041  0.75  0.38
011M  29 MAY 76  SERC-J1    14 31   -45 13    370   104  1414  0.66  0.35
011N  31 MAR 79  SERC-J2    14 59   -45 12    376   154  1750  0.58  0.36
011O  15 SEP 77  SERC-J2    01 57   -29 45    249    34   477  0.63  0.27
011P  21 AUG 77  SERC-J2    01 05   -19 44     94    12   361  0.56  0.27
011Q  06 OCT 77  SERC-J2    00 24   -19 43    102    29   386  0.55  0.24
011R  22 NOV 76  SERC-J1    00 54   -39 44    204    49   398  0.72  0.25
011S  15 SEP 77  SERC-J2    00 03   -39 43    136    34   436  0.62  0.28
011T  17 SEP 77  SERC-J2    01 46   -39 45    215    67   436  0.73  0.22
0125  16 SEP 77  SERC-J2    22 35   -39 44     96    34   565  0.56  0.27
0126  12 DEC 77  SERC-J2    03 06   -29 48    166    30   468  0.61  0.27
0127  07 NOV 75  SERC-J1    02 02   -49 46    124    46   436  0.64  0.24
0128  16 SEP 77  SERC-J2    02 38   -39 47    213    33   531  0.65  0.27
0129  13 NOV 82  SERC-J2    00 03   -49 43    102    22   446  0.51  0.24
012A  19 DEC 79  SERC-J2    02 29   -19 47    144    50   397  0.64  0.24
012B  08 OCT 77  SERC-J2    23 09   -19 44    111    41   394  0.61  0.22
012C  06 NOV 82  SERC-J2    01 03   -09 44     69    19   360  0.64  0.27
012D  08 OCT 83  SERC-J2    00 23   -09 43    169    24   422  0.72  0.29
012E  12 SEP 83  SERC-J2    23 43   -09 43    101    32   409  0.57  0.29
012F  07 NOV 82  SERC-J2    00 43   +00 16     54    16   409  0.45  0.24
012G  19 MAY 79  SERC-J2    12 43   -00 16     47    15   371  0.60  0.25
012H  07 NOV 82  SERC-J2    02 22   -09 46     97    20   359  0.59  0.26
012I  24 JUN 79  SERC-J2    13 23   -00 16    218    33   433  0.76  0.28
012J  27 JUL 82  SERC-J2    00 03   +00 17    105    38   439  0.63  0.26
0149  19 AUG 76  SERC-J1    18 44   -44 57    380   209  1486  0.57  0.40
014A  31 JUL 78  SERC-J2    19 12   -44 55    225   117  1087  0.54  0.35
014B  16 MAR 80  SERC-J2    06 58   -40 04    452    97  1401  0.67  0.30
014C  08 APR 75  SERC-J1    09 08   -40 12   1047   223  2084  0.62  0.37
014D  08 DEC 75  SERC-J1    06 04   -70 00    146    30   579  0.66  0.30
014E  16 SEP 80  SERC-J2    03 11   -19 49    127    12   432  0.68  0.26
014F  21 MAR 80  SERC-J2    14 03   -00 14     88    31   396  0.60  0.26
014G  07 NOV 75  SERC-J1    03 02   -49 48    272    88   494  0.67  0.29
014H  20 MAR 80  SERC-J2    11 23   -00 16    181    31   340  0.59  0.26
014I  18 AUG 77  SERC-J2    22 17   -29 45    170    28   541  0.62  0.26
014J  24 AUG 79  SERC-J2    01 56   -59 45    229    72   449  0.76  0.26
015G  17 DEC 76  SERC-J1    03 30   -39 50    315    79   537  0.66  0.25
015H  24 DEC 83  SERC-J2    03 02   -09 48    220    54   350  0.76  0.29
015I  19 APR 82  SERC-J2    13 03   -10 16     60    29   423  0.57  0.28
015J  04 APR 84  SERC-J2    12 23   -10 17     73    18   480  0.59  0.23
015K  12 SEP 83  SERC-J2    22 23   -09 45    116    23   453  0.58  0.26
015L  10 OCT 77  SERC-J2    22 03   -49 45    301    38   695  0.65  0.26
015M  10 SEP 75  SERC-J1    03 11   -59 49    192    65   519  0.66  0.28
015N  20 AUG 74  SERC-J1    21 43   -39 46    100    50   607  0.49  0.29
015O  18 NOV 76  SERC-J1    03 52   -29 51    221    35   619  0.66  0.25
015P  04 NOV 82  SERC-J2    22 43   +00 16     75    19   487  0.59  0.23
015Q  31 OCT 75  SERC-J1    00 54   -69 44     59    21   467  0.52  0.27
015R  05 DEC 77  SERC-J2    03 53   -19 51    113    36   466  0.62  0.25
015S  29 MAR 84  SERC-J2    14 23   -10 14    120    48   471  0.63  0.25
015T  17 OCT 82  SERC-J2    03 42   -09 50    203    42   375  0.74  0.24
0162  27 FEB 79  SERC-J2    13 03   -40 16    477    69   960  0.78  0.31
0163  01 MAY 79  SERC-J2    14 21   -40 14    591   106  1137  0.74  0.32
0164  14 JAN 80  SERC-J2    07 19   -30 06   1005   274  2514  0.66  0.39
0165  09 JAN 81  SERC-J2    06 16   -25 01    187    88  1331  0.59  0.30
0166  20 DEC 79  SERC-J2    07 00   -25 04    776   248  2511  0.62  0.35
0167  17 MAR 80  SERC-J2    07 22   -25 06    546   261  2782  0.56  0.35
0168  14 MAR 80  SERC-J2    07 02   -20 04    503   214  2129  0.58  0.36
0169  18 MAR 80  SERC-J2    07 23   -20 06    633   226  2582  0.58  0.36
0170  11 JUL 80  SERC-J2    21 31   -29 47     74    27   537  0.55  0.25
0171  12 JUL 80  SERC-J2    21 45   -19 46    127    57   566  0.58  0.24
0172  03 JAN 76  SERC-J1    02 37   -69 47     58    21   568  0.43  0.24
0173  15 APR 83  SERC-J2    11 03   -10 16     80    30   479  0.49  0.25
0174  11 DEC 82  SERC-J2    03 23   +00 11     55    17   435  0.60  0.20
0175  18 JUL 79  SERC-J2    15 23   -00 11    105    25   396  0.68  0.32
0176  08 AUG 75  SERC-J1    21 36   -59 47    300    45   695  0.76  0.26
0177  17 JUL 77  SERC-J2    21 03   -49 48    119    58   766  0.52  0.30
0178  25 FEB 77  SERC-J1    13 42   -20 15    100    27   489  0.66  0.28
0179  20 SEP 81  SERC-J2    22 03   +00 15     78    24   532  0.52  0.29
017A  17 JUL 82  SERC-J2    15 03   -10 12     52    22   501  0.52  0.26
017B  10 JUN 85  SERC-J2    21 44   -69 46    206   102   826  0.59  0.37
017C  04 JUN 76  SERC-J1    20 51   -39 49    201    57   837  0.66  0.29
017D  28 APR 78  SERC-J2    11 36   -20 17    164    49   655  0.65  0.29
0185  08 MAY 83  SERC-J2    10 22   -10 15    188    54   470  0.61  0.25
0186  10 DEC 75  SERC-J1    04 20   -69 53    108    39   624  0.55  0.39
0187  27 AUG 76  SERC-J1    01 30   -79 45     89    41   712  0.53  0.29
0188  15 DEC 79  SERC-J2    05 01   -49 56    187    50   747  0.66  0.26
0189  28 JUN 76  SERC-J1    14 24   -20 14     85    39   481  0.49  0.31
018A  14 AUG 79  SERC-J2    21 03   -19 48    198    40   591  0.74  0.29
018B  23 SEP 84  SERC-J2    04 03   +00 08    130    24   398  0.69  0.24
018C  09 AUG 77  SERC-J2    20 20   -59 51    334    42   786  0.76  0.27
018D  12 SEP 82  SERC-J2    21 03   -09 48     85    24   682  0.47  0.27
018Y  06 MAR 81  SERC-J2    07 22   -15 06    875   277  2336  0.68  0.36
018Z  18 SEP 81  SERC-J2    20 03   -04 52    100    27   740  0.54  0.30
0190  14 APR 83  SERC-J2    08 43   -00 11    676    57  1020  0.73  0.28
0191  28 MAY 79  SERC-J2    18 03   +00 00    270    70   746  0.69  0.35
0192  10 AUG 80  SERC-J2    18 43   +00 03    280    55   687  0.65  0.30
0193  03 APR 76  SERC-J1    09 54   -75 14    799   101  1078  0.78  0.32
0194  30 MAR 76  SERC-J1    16 36   -75 06    487   137  1575  0.72  0.35
0195  02 APR 76  SERC-J1    09 33   -70 13    639   126  1541  0.73  0.35
0196  02 MAY 78  SERC-J2    10 25   -70 15   1007   138  1721  0.76  0.37
0197  03 APR 76  SERC-J1    11 18   -70 16    909   166  1678  0.73  0.40
0199  08 FEB 80  SERC-J2    07 37   -60 07    357   100  1280  0.65  0.30
019A  29 AUG 75  SERC-J1    18 26   -59 58    572    89  1229  0.68  0.33
019B  28 DEC 76  SERC-J1    07 01   -50 04    310   110  1318  0.62  0.32
019D  01 MAY 76  SERC-J1    10 02   -50 15    889   142  2128  0.71  0.37
019I  17 APR 83  PAL-V1     13 19   +17 14     30     2   417  0.44  0.25
019J  21 MAY 82  PAL-V1     13 59   +29 18     21    12   414  0.45  0.24
019K  03 MAR 84  PAL-V1     11 24   +29 13     47    17   394  0.54  0.24
019L  05 FEB 84  PAL-V1     11 38   +41 12     38    17   494  0.42  0.25
019M  20 APR 82  PAL-V1     14 07   +17 18     39    10   444  0.42  0.26
019N  20 APR 82  PAL-V1     11 43   +17 12     25    16   393  0.47  0.23
019P  03 MAR 84  PAL-V1     13 43   +05 16     19    12   429  0.46  0.24
019Q  23 MAY 82  PAL-V1     14 36   +41 22     38    14   420  0.45  0.25
019R  21 MAY 82  PAL-V1     14 50   +29 24     67    11   413  0.50  0.25
019S  19 JAN 85  PAL-V4     12 07   +05 12     42    15   431  0.43  0.23
01AJ  16 DEC 82  PAL-V1     10 55   +17 14     34    11   399  0.56  0.21
01AK  11 JAN 84  PAL-V1     10 32   +29 25     37     7   495  0.52  0.25
01AL  09 MAR 83  PAL-V1     14 39   +53 23     74    16   589  0.54  0.29
01AM  02 MAR 84  PAL-V1     10 55   +53 14     42    16   525  0.42  0.22
01AN  17 FEB 83  PAL-V1     14 31   +05 21     43    14   454  0.48  0.27
01BR  16 APR 83  PAL-V1     13 56   +65 18     61    12   547  0.49  0.29
01BS  09 JAN 83  PAL-V1     09 39   +41 21     31    11   503  0.47  0.21
01BT  16 MAR 83  PAL-V1     15 54   +53 34     58    17   630  0.53  0.30
01C8  10 MAY 75  SERC-J1    12 19   -30 17    115    50   741  0.51  0.30
01C9  09 JUN 78  SERC-J2    15 06   -20 12    171    45   644  0.63  0.32
01CA  26 JUL 81  SERC-J2    21 23   +00 13    126    40   648  0.54  0.29
01CB  29 AUG 75  SERC-J1    20 01   -69 52    161    57   964  0.60  0.26
01CC  15 MAY 75  SERC-J1    20 04   -49 52    208    90   971  0.54  0.34
01CD  21 NOV 76  SERC-J1    05 24   -29 57    179    58   878  0.57  0.28
01CE  06 JUN 76  SERC-J1    19 59   -39 52    197    80   912  0.56  0.30
01CF  20 FEB 80  SERC-J2    11 32   -30 17    111    47   797  0.54  0.28
01CG  09 DEC 80  SERC-J2    05 17   -19 57    304    61   863  0.69  0.29
01CH  12 JAN 78  SERC-J2    06 01   -50 00    195    86  1047  0.55  0.29
01CQ  18 MAR 80  SERC-J2    10 11   -20 15    153    44   685  0.63  0.33
01D0  08 SEP 77  SERC-J2    20 21   -19 50    142    46   800  0.52  0.30
01D2  11 OCT 77  SERC-J2    00 01   -89 43    117    54   829  0.56  0.28
01D3  11 MAY 75  SERC-J1    14 37   -30 13    247    75   892  0.59  0.33
01D4  30 MAY 76  SERC-J1    19 59   -29 52    225    43   767  0.62  0.29
01D5  29 MAY 76  SERC-J1    15 48   -20 09    123    65   611  0.55  0.31
01D6  17 DEC 76  SERC-J1    06 06   -40 00    583    79  1031  0.75  0.29
01D7  19 MAY 79  SERC-J2    10 46   -30 16    226    51   929  0.69  0.30
01F4  21 JAN 77  SERC-J1    10 32   -50 15    783   148  1992  0.70  0.40
01F6  06 APR 76  SERC-J1    12 03   -50 17    904   158  1609  0.77  0.38
01F7  07 APR 76  SERC-J1    14 03   -50 14    603   142  1574  0.66  0.37
01F9  20 AUG 76  SERC-J1    18 34   -49 58    513   173  1414  0.59  0.39
01FA  03 MAR 78  SERC-J2    07 30   -45 06    618   147  1577  0.66  0.35
01FB  17 JAN 77  SERC-J1    08 26   -45 10   1888   349  2594  0.79  0.39
01FC  21 JAN 77  SERC-J1    08 42   -40 11   1434   283  2392  0.69  0.35
01FD  24 JAN 77  SERC-J1    09 34   -40 13   1108   215  1946  0.63  0.35
01FO  23 MAR 79  SERC-J2    09 22   -45 13   1008   123  1879  0.75  0.33
01FP  08 JUN 75  SERC-J1    16 24   -45 07    346   155  1849  0.61  0.36
01FR  01 MAY 76  SERC-J1    16 52   -45 05    427   267  1903  0.58  0.38
01FT  20 JAN 77  SERC-J1    07 24   -40 06    516   161  1405  0.67  0.34
01FX  16 APR 83  PAL-V1     15 38   +65 32     58    12   629  0.51  0.27
01FY  10 JAN 84  PAL-V1     10 32   +05 15     29    19   420  0.49  0.23
01G0  08 JAN 84  PAL-V1     09 40   +29 21     47    18   550  0.42  0.27
01G1  03 MAR 84  PAL-V1     10 34   +65 16     41     9   627  0.45  0.23
01G2  06 SEP 83  PAL-V1     00 56   +18 47     52    15   500  0.45  0.24
01G3  07 SEP 83  PAL-V1     00 07   +18 48     91    23   668  0.50  0.25
01G4  03 JUN 84  PAL-V4     16 34   +29 42     38    25   636  0.48  0.21
01G5  02 MAR 84  PAL-V1     12 22   +77 12     45     8   649  0.47  0.21
01G6  02 MAR 84  PAL-V1     09 20   +17 24     50    11   556  0.46  0.23
01G7  10 JAN 84  PAL-V1     09 44   +05 20     52    13   506  0.47  0.22
01G9  14 SEP 83  PAL-V1     02 32   +18 38     35    20   453  0.41  0.25
01GA  18 NOV 82  PAL-V1     03 20   +06 32     26     5   327  0.45  0.26
01GB  24 JUN 82  PAL-V1     16 07   +05 36     26    13   513  0.42  0.26
01GC  20 MAY 82  PAL-V1     16 30   +17 41     45    19   677  0.42  0.23
01GF  19 MAY 82  PAL-V1     13 33   +23 15     27    13   411  0.45  0.25
01GX  14 JAN 83  PAL-V1     08 49   +29 28     45    12   646  0.45  0.24
01GY  17 DEC 82  PAL-V1     03 20   +18 32     42    21   546  0.43  0.24
01H0  21 JUL 82  PAL-V1     17 26   +29 52    125    55   968  0.47  0.32
01H1  18 OCT 82  PAL-V1     23 56   +30 48     81    28   800  0.49  0.25
01H2  18 NOV 82  PAL-V1     23 05   +30 47    116    27  1056  0.48  0.25
01H3  17 APR 83  PAL-V1     17 20   +65 52     81    26   726  0.51  0.25
01H4  23 MAY 82  PAL-V1     17 35   +41 54    132    43  1007  0.47  0.28
01H5  18 OCT 82  PAL-V1     00 34   +30 48     62    19   671  0.50  0.23
01H6  16 MAY 83  PAL-V1     18 17   +78 05     83    17   850  0.49  0.30
01H7  18 OCT 82  PAL-V1     02 18   +30 40     63    16   719  0.50  0.24
01H8  09 MAY 83  PAL-V1     18 25   +54 05     78    29  1148  0.44  0.30
01H9  09 JAN 83  PAL-V1     07 40   +41 41     82    28   851  0.49  0.26
01HA  24 JUN 82  PAL-V1     16 55   +05 46     58    26   851  0.45  0.28
01HB  11 JAN 84  PAL-V1     08 25   +53 32     73    17   652  0.49  0.25
01HC  04 NOV 83  PAL-V1     07 10   +65 47    114    27   913  0.52  0.31
01HD  08 JAN 84  PAL-V1     07 57   +29 37    102    21   734  0.52  0.26
01IA  20 MAY 75  SERC-J1    19 33   -39 53    150    67   854  0.57  0.32
01IB  26 JAN 77  SERC-J1    08 02   -35 08   1603   264  2374  0.73  0.39
01ID  22 MAR 77  SERC-J1    09 14   -35 12    611   161  1855  0.61  0.32
01JJ  02 MAR 84  PAL-V1     12 34   +83 12     53    16   696  0.45  0.24
01JN  07 MAY 83  PAL-V1     17 08   +83 51     93    28   819  0.51  0.31
01JO  04 SEP 83  PAL-V1     19 37   +84 21    111    24   890  0.49  0.23
01JP  07 NOV 83  PAL-V1     01 46   +78 44    105    27   866  0.55  0.24
01JQ  07 NOV 83  PAL-V1     04 58   +78 14    182    28  1049  0.58  0.38
01JR  02 MAR 84  PAL-V1     08 53   +65 28     58    18   750  0.46  0.21
01JS  25 JUL 82  PAL-V1     21 19   +18 37    102    28  1024  0.54  0.32
01JT  04 NOV 83  PAL-V1     05 27   +66 06    147    42  1190  0.44  0.28
01JU  06 SEP 83  PAL-V1     20 50   +66 33     76    35  1024  0.47  0.24
01JV  12 OCT 83  PAL-V1     00 38   +42 48     75    29  1171  0.46  0.23
01JW  15 SEP 83  PAL-V1     01 39   +42 44    150    42  1201  0.45  0.26
01JX  06 NOV 83  PAL-V1     07 10   +53 47    119    28   928  0.48  0.26
01JY  23 MAY 82  PAL-V1     18 35   +42 07    142    45  1327  0.45  0.27
01KC  23 MAY 82  PAL-V1     19 35   +42 19    291   128  2203  0.49  0.31
01KD  03 SEP 83  PAL-V1     21 37   +42 39    299   112  2109  0.51  0.32
01KE  21 JUL 82  PAL-V1     18 18   +30 03    226    83  1348  0.49  0.33
01KS  05 NOV 83  PAL-V1     07 06   +71 47     76    22  1003  0.52  0.26
01L1  05 NOV 83  PAL-V1     08 12   +71 35    116    37   924  0.50  0.28
01L2  06 FEB 84  PAL-V1     09 18   +71 24     59    19   747  0.50  0.24
01L3  09 JAN 84  PAL-V1     11 29   +71 12     51    13   616  0.45  0.26
01L4  02 MAR 84  PAL-V1     12 34   +71 12     45    12   590  0.49  0.23
01L5  17 APR 83  PAL-V1     14 45   +71 24     42    13   602  0.47  0.22
01L6  17 APR 83  PAL-V1     15 51   +71 34     44     9   683  0.47  0.21
01L7  07 MAY 83  PAL-V1     16 58   +71 37     84    23   822  0.56  0.32
01L8  16 MAY 83  PAL-V1     18 05   +72 02     88    36   912  0.51  0.30
01L9  04 SEP 83  PAL-V1     20 23   +72 29     70    24   794  0.48  0.24
01LP  20 AUG 76  SERC-J1    23 23   -44 44    111    37   506  0.52  0.28
01LR  18 OCT 82  PAL-V1     21 46   +30 40     91    29  1326  0.53  0.25
01LS  16 DEC 82  PAL-V1     07 44   +17 39     59    21   957  0.47  0.23
01LT  19 MAY 82  PAL-V1     18 06   +18 01    119    49  1240  0.49  0.28
01M7  03 MAR 84  PAL-V1     09 29   +77 22     75    13   825  0.46  0.24
01MK  27 JUL 82  SERC-J2    20 23   -09 50    386    58  1016  0.67  0.31
01MM  29 JAN 82  SERC-J2    09 02   -10 12    308    62   853  0.70  0.32
01MO  02 MAY 78  SERC-J2    12 11   -40 17    561    56   991  0.72  0.30
01MP  01 MAY 76  SERC-J1    19 04   -49 56    456    96  1120  0.63  0.32
01MQ  21 MAY 82  PAL-V1     15 42   +29 32     64    23   546  0.48  0.25
01MR  06 NOV 83  PAL-V1     02 48   +66 37    100    36  1025  0.51  0.27
01MS  04 NOV 83  PAL-V1     04 34   +66 19    111    28  1080  0.45  0.29
01MT  12 OCT 83  PAL-V1     00 08   +60 48    217   108  2298  0.46  0.27
01MU  07 NOV 83  PAL-V1     00 53   +60 47    205    82  2148  0.48  0.26
01MV  05 NOV 83  PAL-V1     01 38   +60 44    305   107  2464  0.52  0.30
01MW  05 NOV 83  PAL-V1     02 23   +60 40    219    97  2211  0.46  0.30
01MX  05 NOV 83  PAL-V1     03 07   +60 34    165    75  1693  0.45  0.29
01MY  05 NOV 83  PAL-V1     03 52   +60 27    114    40  1240  0.50  0.28
01NZ  18 JUN 74  SERC-J1    13 55   -40 15    436   107  1113  0.65  0.34
01O0  14 MAR 80  SERC-J2    10 00   -30 14    228    54  1038  0.69  0.29
01O1  17 AUG 82  SERC-J2    20 23   +00 10    428    75  1167  0.66  0.31
01O2  13 NOV 82  SERC-J2    05 59   -20 00    230    51  1176  0.67  0.25
01O3  19 NOV 82  SERC-J2    05 23   +00 03    305    93  1334  0.54  0.29
01O4  16 SEP 76  SERC-J1    19 39   -19 53    234    69   913  0.60  0.33
01O5  15 AUG 79  SERC-J2    16 30   -20 06    206    23   398  0.67  0.32
01OH  11 OCT 83  PAL-V1     04 37   +60 18    114    30  1095  0.41  0.26
01OI  06 FEB 84  PAL-V1     08 59   +59 27     74    17   583  0.48  0.25
01OJ  01 MAR 84  PAL-V1     11 09   +59 13     33    16   545  0.45  0.22
01OK  01 MAR 84  PAL-V1     15 27   +59 30     46    11   577  0.53  0.24
01OL  08 JAN 84  PAL-V1     07 47   +53 39     85    15   702  0.54  0.23
01OQ  24 SEP 78  SERC-J2    23 51   -44 43    129    38   488  0.57  0.27
01PH  22 APR 82  SERC-J2    17 03   -15 04     99    20   503  0.59  0.29
01PJ  05 APR 84  SERC-J2    09 42   -15 14    124    44   692  0.61  0.27
01PM  17 APR 83  PAL-V1     12 41   +29 12     37     9   380  0.48  0.26
01PN  19 MAY 82  PAL-V1     13 07   +23 13     22     6   384  0.44  0.23
01PP  26 FEB 82  PAL-V1     12 55   +17 13     23    11   365  0.48  0.25
01PQ  17 FEB 83  PAL-V1     12 43   +35 12     29    11   409  0.44  0.23
01PR  17 FEB 83  PAL-V1     13 11   +35 14     34     9   468  0.52  0.24
01PS  15 FEB 83  PAL-V1     14 16   +47 19     55    16   459  0.40  0.27
01PT  16 MAR 83  PAL-V1     14 34   +35 22     47    11   509  0.48  0.21
01PU  17 FEB 83  PAL-V1     11 20   +35 12     45    16   401  0.47  0.25
01PW  22 MAY 82  PAL-V1     14 06   +35 19     30    13   524  0.45  0.25
01PX  17 FEB 83  PAL-V1     11 48   +35 12     25    11   362  0.48  0.27
01PY  23 MAY 82  PAL-V1     13 07   +41 13     38    18   446  0.41  0.25
01PZ  21 MAY 82  PAL-V1     14 24   +29 21     22     9   415  0.45  0.28
01QW  01 MAR 84  PAL-V1     13 38   +35 16     32    10   467  0.51  0.25
01QX  05 FEB 84  PAL-V1     11 08   +41 13     35    12   521  0.48  0.23
01QY  05 FEB 84  PAL-V1     12 07   +41 12     45    13   419  0.51  0.24
01QZ  01 MAR 84  PAL-V1     11 52   +59 12     32    13   509  0.45  0.20
01R0  06 FEB 84  PAL-V1     14 01   +59 18     56    14   502  0.48  0.25
01R1  01 MAR 84  PAL-V1     12 35   +59 12     41    11   518  0.46  0.21
01R2  09 MAY 83  PAL-V1     13 18   +59 14     52    10   475  0.48  0.27
01R3  17 FEB 83  PAL-V1     10 24   +35 16     28    10   473  0.51  0.26
01R4  23 MAY 82  PAL-V1     15 05   +41 26     42    15   497  0.57  0.25
01R5  15 FEB 83  PAL-V1     10 54   +47 14     64    17   489  0.50  0.28
01R7  22 MAY 82  PAL-V1     15 02   +35 26     37    23   512  0.43  0.23
01R8  06 FEB 84  PAL-V1     10 52   +35 14     54    19   464  0.53  0.24
01RA  01 MAR 84  PAL-V1     11 28   +47 12     39    15   503  0.43  0.22
01RM  04 MAR 84  PAL-V1     11 25   +65 13     39    14   612  0.44  0.23
01RN  22 MAY 82  PAL-V1     15 57   +35 35     43    14   560  0.47  0.24
01RP  21 DEC 84  PAL-V4     10 17   +53 17     28    14   607  0.43  0.21
01RQ  01 MAR 84  PAL-V1     13 05   +65 14     26    12   470  0.63  0.20
01RR  01 MAR 84  PAL-V1     14 44   +59 24     30    13   525  0.49  0.22
01RS  17 FEB 83  PAL-V1     09 57   +35 19    146    28   499  0.62  0.30
01RT  16 MAR 83  PAL-V1     15 16   +53 28     54    17   502  0.46  0.28
01RU  15 FEB 83  PAL-V1     10 21   +47 16     72    19   549  0.46  0.28
01RV  22 MAY 82  PAL-V1     15 30   +35 30     23    12   498  0.48  0.23
01RW  22 MAY 82  PAL-V1     16 25   +35 40     64    23   674  0.45  0.26
01RX  09 MAR 83  PAL-V1     09 29   +35 22     49    23   460  0.55  0.29
01RZ  23 MAY 82  PAL-V1     16 05   +41 36     34    14   558  0.51  0.24
01S0  01 MAR 84  PAL-V1     10 26   +59 16     26    12   586  0.48  0.22
01TD  13 JAN 83  PAL-V1     12 15   +23 12     28     8   385  0.48  0.25
01TE  06 FEB 84  PAL-V1     11 49   +29 12     29     9   352  0.48  0.29
01TF  17 APR 83  PAL-V1     13 43   +17 16     36    15   440  0.50  0.23
01TG  13 JAN 83  PAL-V1     11 49   +23 12     30    13   334  0.48  0.26
01TH  26 JAN 82  PAL-V1     12 55   +11 13     29    12   374  0.44  0.24
01TI  20 MAY 82  PAL-V1     13 58   +23 18     30     7   396  0.51  0.24
01TJ  18 JAN 85  PAL-V4     12 07   +11 11     34    14   412  0.50  0.20
01TK  16 APR 83  PAL-V1     13 43   +11 16     29    11   446  0.51  0.30
01TL  10 JAN 84  PAL-V1     11 24   +23 12     18     6   367  0.48  0.23
01TM  20 MAY 82  PAL-V1     14 25   +23 21     36    16   459  0.48  0.23
01TN  16 APR 83  PAL-V1     11 43   +11 12     45     9   439  0.46  0.29
01TO  18 JAN 85  PAL-V4     11 20   +17 13     22    10   374  0.48  0.21
01UQ  19 JAN 85  PAL-V4     12 31   +05 12     31     9   427  0.48  0.25
01UR  16 APR 83  PAL-V1     13 19   +05 14     40    13   472  0.47  0.28
01US  20 APR 82  PAL-V1     14 07   +11 18     26     6   434  0.43  0.26
01UT  19 MAY 82  PAL-V1     14 31   +17 21     27    11   432  0.44  0.24
01VJ  21 MAR 77  SERC-J1    11 42   -45 17    590    84  1341  0.77  0.30
01VX  15 DEC 79  SERC-J2    06 33   -45 02    496    95  1342  0.58  0.29
01VY  27 MAY 76  SERC-J1    15 49   -25 09    122    47   728  0.54  0.31
01VZ  24 NOV 79  SERC-J2    06 41   -20 03    383   178  1656  0.58  0.33
01W0  16 NOV 79  SERC-J2    01 26   -44 44     69    27   449  0.53  0.24
01W1  04 NOV 83  PAL-V1     03 21   +54 32    120    33   890  0.50  0.29
01W2  07 NOV 83  PAL-V1     00 46   +54 48    258    85  2301  0.52  0.26
01W3  17 JAN 77  SERC-J1    06 31   -50 02    248    85  1140  0.58  0.28
01W4  18 JAN 85  PAL-V4     05 17   +48 10    119    66  1249  0.44  0.26
01W5  12 AUG 83  PAL-V1     21 06   +36 35    377   147  2790  0.50  0.34
01W6  19 AUG 77  SERC-J2    01 20   -39 44     87    23   454  0.58  0.26
01W7  18 NOV 82  PAL-V1     05 44   +06 04     61    29   905  0.50  0.29
01W8  18 NOV 82  PAL-V1     06 32   +05 54    171   103  1642  0.45  0.31
01W9  14 JUL 75  SERC-J1    22 27   -44 45    115    40   534  0.59  0.27
01WA  26 DEC 76  SERC-J1    05 38   -34 58    191    56   992  0.60  0.26
01WB  24 NOV 76  SERC-J1    05 47   -29 59    174    60   994  0.56  0.26
01WC  18 JUL 74  SERC-J1    20 35   -24 50    202    79   939  0.60  0.32
01WL  15 SEP 83  PAL-V1     00 08   +48 48    188    64  1738  0.50  0.26
01WM  15 SEP 83  PAL-V1     01 51   +48 43    279    72  1659  0.58  0.28
01WN  08 SEP 83  PAL-V1     02 09   +42 41    227    85  1408  0.54  0.29
01WO  22 MAY 82  PAL-V1     18 45   +36 09    194    68  1588  0.48  0.29
01WZ  10 OCT 83  PAL-V1     22 13   +24 43     62    15   808  0.51  0.30
01X0  04 NOV 83  PAL-V1     04 08   +12 23     35    17   365  0.45  0.25
01X1  11 OCT 83  PAL-V1     22 07   +18 42     69    24   707  0.47  0.25
01X2  18 JAN 85  PAL-V4     09 44   +11 21     27    14   513  0.47  0.19
01X3  13 JAN 83  PAL-V1     09 40   +23 21     39    12   513  0.48  0.23
01X4  08 FEB 83  SERC-J2    10 02   -10 15    140    32   555  0.62  0.27
01X5  12 OCT 77  SERC-J2    00 03   -69 43     87    34   655  0.54  0.26
01YC  04 NOV 83  PAL-V1     00 08   +66 48    123    34  1258  0.45  0.29
01YD  11 OCT 83  PAL-V1     02 04   +54 42    316   182  2847  0.45  0.30
01YF  11 OCT 83  PAL-V1     04 38   +54 18     94    33   998  0.50  0.29
01YG  09 JAN 83  PAL-V1     04 40   +42 17    116    48  1308  0.46  0.29
01YH  09 JAN 83  PAL-V1     05 40   +42 05    174    52  1483  0.45  0.29
01YI  03 SEP 83  PAL-V1     22 36   +42 45    171    72  1591  0.45  0.30
01YR  07 FEB 78  SERC-J2    07 48   -70 08    486    78  1123  0.75  0.32
01Z0  16 JUL 75  SERC-J1    23 33   -49 43     85    24   459  0.47  0.24
01Z1  01 APR 76  SERC-J1    16 33   -70 06    539   163  2001  0.70  0.34
01Z2  01 JAN 79  SERC-J2    07 50   -40 08   1036   181  1999  0.68  0.35
01Z4  27 MAR 79  SERC-J2    08 05   -20 09    411   191  1987  0.53  0.36
01ZL  18 OCT 82  PAL-V1     06 13   +29 58    139    62  1223  0.46  0.28
01ZM  15 JUN 83  PAL-V1     20 54   +30 33    278    84  2185  0.53  0.29
01ZN  16 DEC 82  PAL-V1     05 20   +18 09     64    33   877  0.45  0.21
01ZR  24 JUN 82  PAL-V1     19 43   +06 21    207   128  1527  0.48  0.37
0204  16 DEC 82  PAL-V1     08 56   +17 27     76    27   609  0.50  0.24
0205  18 JAN 85  PAL-V4     06 08   +05 59     90    50  1123  0.45  0.25
0206  08 FEB 83  SERC-J2    08 22   -10 10    596   119  1443  0.71  0.32
0207  13 JAN 83  SERC-J2    08 03   -00 08    708    73  1154  0.73  0.30
020L  17 SEP 77  SERC-J2    23 53   -39 43     79    38   428  0.51  0.26
020M  03 DEC 77  SERC-J2    01 34   -29 45    194    32   470  0.60  0.27
020N  17 JUL 77  SERC-J2    22 06   -19 45     74    32   493  0.56  0.24
020O  19 AUG 77  SERC-J2    22 48   -19 44     99    29   453  0.61  0.24
020U  09 SEP 75  SERC-J1    02 33   -59 47    214    32   524  0.67  0.26
020V  19 JUL 80  SERC-J2    22 09   -39 45    109    31   533  0.56  0.24
020W  30 SEP 80  SERC-J2    22 40   -29 44    192    19   482  0.63  0.25
020X  05 OCT 81  SERC-J2    02 50   -19 48    113    10   465  0.64  0.24
020Y  28 JUN 76  SERC-J1    13 21   -20 16    120    35   509  0.65  0.26
021D  22 SEP 84  SERC-J2    03 43   +00 10     90    36   430  0.62  0.24
021E  06 MAR 84  PAL-V1     09 02   +53 26     43    17   585  0.44  0.25
021G  09 JAN 83  PAL-V1     09 09   +41 25     52    20   629  0.48  0.23
021H  08 JAN 84  PAL-V1     10 06   +29 18     69    12   543  0.45  0.28
021I  23 JUN 84  PAL-V4     16 08   +29 37     51    16   635  0.46  0.24
021J  04 SEP 83  PAL-V1     00 32   +18 48     55    24   599  0.48  0.26
021K  21 NOV 82  PAL-V1     01 20   +18 46     50    17   543  0.50  0.36
021L  16 DEC 82  PAL-V1     09 44   +17 20     29     9   426  0.45  0.23
021M  18 JAN 85  PAL-V4     10 08   +17 18     24    10   458  0.47  0.18
021N  20 MAY 82  PAL-V1     16 07   +17 36     30    13   496  0.41  0.24
0238  06 NOV 83  SERC-J2    04 02   -09 52    194    44   467  0.68  0.30
0239  07 MAR 84  SERC-J2    10 42   -10 16    114    44   505  0.49  0.25
023A  20 JUL 82  SERC-J2    01 03   +00 16     69    13   429  0.45  0.21
023B  29 AUG 82  SERC-J2    02 23   +00 14     83    18   372  0.62  0.23
023E  07 MAR 83  SERC-J2    10 23   -00 15     75    24   395  0.67  0.24
023F  20 MAR 80  SERC-J2    15 03   -00 12     86    19   421  0.67  0.28
024B  07 MAY 83  PAL-V1     12 47   +53 12     35    13   473  0.51  0.28
024C  02 MAR 84  PAL-V1     12 01   +47 12     27    12   455  0.45  0.22
024D  09 MAY 83  PAL-V1     12 35   +47 12     42    18   448  0.43  0.28
024J  18 AUG 80  SERC-J2    00 46   -24 44    122    34   437  0.71  0.28
024K  22 AUG 82  SERC-J2    00 50   -34 44    312    73   416  0.61  0.26
024L  05 NOV 83  SERC-J2    00 43   -14 44    104    20   417  0.61  0.26
024M  16 JUL 83  SERC-J2    00 03   -14 43     50    20   345  0.54  0.24
024N  23 OCT 78  SERC-J2    00 03   -44 43    137    28   460  0.57  0.29
024O  13 JUL 83  SERC-J2    00 23   -04 43    117    26   380  0.67  0.26
024P  17 APR 83  SERC-J2    12 43   -05 16     36    16   425  0.47  0.22
024Q  21 AUG 82  SERC-J2    22 43   -14 44     62    11   396  0.53  0.24
024R  11 MAY 83  SERC-J2    13 03   -05 16     91    22   453  0.60  0.26
024S  23 JUN 80  SERC-J2    22 25   -24 45     93    17   499  0.47  0.26
0256  13 JAN 83  PAL-V1     10 58   +23 14     49    12   405  0.51  0.25
0257  26 FEB 82  PAL-V1     14 07   +05 19     30    19   439  0.48  0.24
0258  21 DEC 84  PAL-V4     10 56   +11 14     27    10   400  0.45  0.22
0259  13 JAN 83  PAL-V1     10 32   +23 15     44    11   389  0.48  0.25
025A  25 OCT 78  SERC-J2    00 48   -29 44    144    19   385  0.56  0.26
025B  11 DEC 79  SERC-J2    02 36   -24 47    142    28   436  0.71  0.23
025C  07 OCT 77  SERC-J2    02 58   -24 48     73    25   492  0.49  0.23
025D  02 DEC 77  SERC-J2    01 41   -54 45     78    35   475  0.55  0.24
026A  16 DEC 82  PAL-V1     10 32   +17 15     30    12   403  0.47  0.22
026B  15 AUG 83  PAL-V1     00 31   +06 48     50    19   477  0.48  0.30
026C  10 MAR 83  PAL-V1     10 56   +05 14     42    19   396  0.51  0.29
026D  19 OCT 82  PAL-V1     01 44   +06 44     25    11   478  0.43  0.23
026E  19 OCT 82  PAL-V1     00 07   +06 48     37    14   488  0.44  0.25
027J  20 MAY 82  PAL-V1     15 16   +23 28     33    12   424  0.45  0.24
027O  07 NOV 83  PAL-V1     03 01   +84 34    114    18   917  0.56  0.26
027U  13 DEC 77  SERC-J2    03 20   -24 49     78    25   433  0.58  0.26
027V  13 OCT 77  SERC-J2    03 18   -44 49    245    27   542  0.66  0.24
027W  15 OCT 82  SERC-J2    02 43   -04 47    214    12   397  0.72  0.24
027X  22 SEP 77  SERC-J2    03 42   -24 50     87    25   467  0.51  0.22
027Y  18 JAN 85  PAL-V4     10 32   +11 16     25     9   415  0.46  0.18
027Z  13 JAN 83  PAL-V1     10 06   +23 18     47    11   474  0.44  0.24
0280  20 MAY 82  PAL-V1     15 42   +23 32     47    15   448  0.45  0.25
028H  17 DEC 82  PAL-V1     08 32   +11 31     65    28   905  0.49  0.23
028I  11 FEB 83  PAL-V1     08 56   +11 27     57    31   698  0.49  0.35
028U  21 MAY 82  PAL-V1     16 08   +23 37     38    20   526  0.42  0.25
028V  17 DEC 82  PAL-V1     01 44   +12 44     27    13   488  0.46  0.22
028W  05 FEB 84  PAL-V1     10 08   +11 18     41     9   475  0.46  0.25
028X  04 AUG 84  PAL-V4     00 31   +12 47     62    27   495  0.51  0.27
028Y  17 OCT 82  PAL-V1     00 56   +12 48     50    22   487  0.47  0.26
028Z  04 NOV 83  PAL-V1     22 55   +06 46     65    20   548  0.51  0.28
0290  12 OCT 83  PAL-V1     23 43   +06 48     39    15   457  0.49  0.25
0291  20 APR 82  PAL-V1     15 19   +11 28     43    16   403  0.50  0.25
0292  24 JUN 82  PAL-V1     15 20   +05 27     51    19   452  0.46  0.29
029Q  06 MAY 83  SERC-J2    10 43   -05 16     99    20   420  0.58  0.25
029R  06 OCT 83  SERC-J2    03 42   -14 50    170    19   382  0.67  0.27
029S  09 JUL 82  SERC-J2    14 03   -15 14     90    27   446  0.53  0.23
029T  12 MAY 83  SERC-J2    14 43   -15 13    101    30   469  0.50  0.27
029U  26 JAN 81  SERC-J2    05 14   -34 57    338    31   845  0.65  0.24
029V  17 JAN 80  SERC-J2    04 56   -19 55    112    38   776  0.52  0.25
029W  30 MAY 76  SERC-J1    14 45   -20 13    151    43   594  0.64  0.31
029X  22 NOV 82  SERC-J2    04 48   -24 55     83    18   648  0.59  0.23
02AB  19 OCT 78  SERC-J2    22 03   -54 45    150    29   587  0.58  0.27
02AD  08 OCT 85  SERC-J2    21 15   -34 48    286    57   643  0.69  0.33
02AE  10 OCT 78  SERC-J2    04 25   -54 53    183    46   668  0.62  0.27
02AF  23 OCT 76  SERC-J1    04 48   -39 55    226    48   721  0.61  0.27
02AG  17 DEC 82  PAL-V1     10 08   +05 18     44     9   502  0.47  0.23
02AH  05 FEB 84  PAL-V1     09 43   +59 21     32     8   611  0.45  0.24
02AI  15 FEB 83  PAL-V1     09 14   +47 24     61    24   606  0.46  0.25
02AJ  06 FEB 84  PAL-V1     09 01   +35 26     64    20   650  0.51  0.27
02BA  21 MAY 82  PAL-V1     16 34   +23 42     54    21   677  0.45  0.27
02BB  21 OCT 82  PAL-V1     23 19   +18 48     47    19   562  0.48  0.29
02BC  12 FEB 83  PAL-V1     09 20   +11 23     33    11   553  0.48  0.33
02BD  07 SEP 83  PAL-V1     01 00   +24 47     55    20   565  0.41  0.25
02BE  24 AUG 84  PAL-V4     00 34   +24 48     75    25   639  0.48  0.25
02BF  14 SEP 83  PAL-V1     01 26   +24 45     43     6   583  0.48  0.25
02BV  05 NOV 83  PAL-V1     22 07   +06 42     62    19   606  0.55  0.26
02BZ  02 JAN 82  SERC-J2    08 42   -15 11    163    73  1173  0.56  0.34
02C1  11 MAR 83  SERC-J2    08 22   -05 10    534    97  1263  0.61  0.30
02C2  18 AUG 82  SERC-J2    20 23   -04 50    148    66  1006  0.47  0.31
02C3  01 JUL 83  SERC-J2    16 23   -15 07     73    26   508  0.53  0.28
02C4  17 JUL 80  SERC-J2    20 43   +00 11    187    58  1117  0.65  0.31
02C5  09 MAR 79  SERC-J2    14 03   -35 14    237    64   949  0.60  0.30
02C6  23 FEB 81  SERC-J2    05 37   -44 58    216    39   868  0.54  0.26
02C7  17 APR 83  SERC-J2    14 43   -25 13    114    27   692  0.52  0.27
02C8  17 MAR 80  SERC-J2    12 42   -30 16    109    37   606  0.59  0.30
02C9  02 DEC 81  SERC-J2    04 23   +00 07    224    32   589  0.67  0.30
02CA  14 JUN 79  SERC-J2    12 31   -25 17     91    28   522  0.57  0.28
02CQ  07 SEP 82  SERC-J2    19 43   -04 53    128    79   865  0.49  0.36
02CS  15 MAR 80  SERC-J2    07 14   -35 05    993   149  1641  0.78  0.35
02CT  11 JUL 80  SERC-J2    19 23   +00 06    227   110   991  0.58  0.41
02CU  02 MAY 81  SERC-J2    18 23   +00 02    219    32   545  0.64  0.30
02CV  04 NOV 83  PAL-V1     22 31   +12 45     84    35   679  0.49  0.31
02CW  18 NOV 82  PAL-V1     03 44   +06 28     16     6   341  0.44  0.25
02CX  15 JUN 83  PAL-V1     16 31   +05 41     74    23   768  0.43  0.26
02CY  04 NOV 83  PAL-V1     22 07   +12 42     76    18   663  0.48  0.28
02CZ  11 OCT 83  PAL-V1     23 57   +24 48     63    14   743  0.54  0.28
02D0  17 DEC 82  PAL-V1     02 56   +18 35     26    10   464  0.47  0.22
02D1  11 OCT 83  PAL-V1     23 31   +24 48     85    14   751  0.50  0.25
02D2  20 MAY 82  PAL-V1     16 54   +17 46     68    21   767  0.46  0.24
02D3  01 MAR 84  PAL-V1     10 56   +77 14     45    12   675  0.44  0.21
02D4  14 JUN 83  PAL-V1     17 04   +47 48     82    23   761  0.45  0.27
02D5  17 FEB 83  PAL-V1     08 33   +35 31     78    35   716  0.51  0.30
02EA  19 AUG 76  SERC-J1    20 34   -49 50    169    68   906  0.55  0.31
02EB  14 MAY 75  SERC-J1    20 25   -54 50    214    56   839  0.58  0.29
02EC  23 JUN 74  SERC-J1    20 27   -34 50    339    77   914  0.65  0.30
02ED  24 SEP 78  SERC-J2    20 25   -39 50    232    70   876  0.64  0.29
02EE  26 OCT 76  SERC-J1    05 31   -49 58    235    59   818  0.55  0.29
02EF  20 MAR 77  SERC-J1    13 28   -30 16    170    42   749  0.59  0.29
02EG  08 MAY 78  SERC-J2    10 18   -25 15    119    42   745  0.59  0.29
02EH  15 SEP 76  SERC-J1    19 36   -29 53    194    53   843  0.62  0.36
02EI  08 JUN 75  SERC-J1    13 29   -40 16    515    68  1055  0.73  0.31
02EU  14 JUN 75  SERC-J1    19 09   -64 55    216    77  1110  0.53  0.30
02EW  30 JUN 75  SERC-J1    14 00   -60 15    839   477  3077  0.61  0.42
02EX  09 JUN 75  SERC-J1    13 33   -50 15    733   166  1565  0.65  0.37
02EY  08 JUN 75  SERC-J1    12 11   -45 17    415    60  1200  0.73  0.29
02EZ  19 DEC 76  SERC-J1    08 16   -40 09   1406   261  2367  0.72  0.36
02F0  12 MAR 75  SERC-J1    15 15   -35 11    433    83  1003  0.71  0.35
02F1  06 JAN 78  SERC-J2    09 12   -25 12    251    79  1024  0.57  0.31
02F3  22 JUN 74  SERC-J1    15 39   -35 10    729    67   920  0.72  0.35
02F4  29 JUN 76  SERC-J1    16 51   -20 05    133    45   550  0.59  0.36
02F5  18 JUN 74  SERC-J1    15 13   -40 11    743   203  1723  0.68  0.39
02F7  19 AUG 76  SERC-J1    17 10   -60 04    652   264  1915  0.61  0.45
02F8  03 JUN 75  SERC-J1    16 05   -40 08    390    82  1026  0.70  0.36
02F9  27 DEC 76  SERC-J1    07 58   -45 08   1441   297  2372  0.75  0.38
02FD  01 JAN 79  SERC-J2    08 54   -45 11   1508   241  2348  0.71  0.34
02HA  17 OCT 82  PAL-V1     03 44   +12 28     43    16   371  0.45  0.28
02HB  14 JAN 83  PAL-V1     08 23   +29 32     69    12   673  0.47  0.24
02HC  21 MAY 82  PAL-V1     17 26   +23 52    106    29   991  0.42  0.26
02HD  18 OCT 82  PAL-V1     01 00   +30 47     55    18   681  0.46  0.26
02HE  10 JAN 84  PAL-V1     08 07   +47 36     43    16   635  0.48  0.24
02HF  18 OCT 82  PAL-V1     00 07   +30 48     80    25   892  0.48  0.24
02I3  29 AUG 76  SERC-J1    00 02   -84 43     63    37   693  0.46  0.28
02I4  27 AUG 76  SERC-J1    22 35   -79 44     71    43   658  0.53  0.29
02I5  03 DEC 75  SERC-J1    01 07   -74 44     55    22   573  0.51  0.29
02I7  10 JAN 75  SERC-J1    05 52   -64 59    134    51   651  0.52  0.37
02I8  30 JUL 78  SERC-J2    17 41   -65 02    558   200  1685  0.68  0.39
02I9  04 MAY 76  SERC-J1    18 25   -64 58    385   125  1263  0.71  0.34
02IA  21 AUG 76  SERC-J1    20 36   -64 50    155    60   819  0.62  0.29
02IB  05 OCT 80  SERC-J2    01 18   -59 44    246    41   484  0.72  0.23
02IC  15 JAN 83  SERC-J2    04 27   -59 53    313    22   650  0.75  0.24
02IR  23 OCT 78  SERC-J2    21 59   -44 46    137    35   671  0.55  0.29
02IS  13 JAN 83  SERC-J2    04 22   -39 53    198    36   678  0.59  0.26
02IU  26 JAN 77  SERC-J1    11 44   -40 17    453    59  1015  0.65  0.28
02IV  16 NOV 79  SERC-J2    02 50   -34 48    362    28   535  0.72  0.26
02IW  05 OCT 80  SERC-J2    03 14   -34 49    229    21   508  0.70  0.24
02IX  18 NOV 76  SERC-J1    03 38   -34 50    125    28   518  0.59  0.26
02IY  08 APR 75  SERC-J1    13 39   -35 15    465    93   955  0.72  0.32
02IZ  12 MAR 75  SERC-J1    13 51   -30 15    194    71   825  0.54  0.31
02J0  24 APR 79  SERC-J2    15 00   -30 12    143    47   840  0.53  0.29
02J3  25 JUN 79  SERC-J2    21 54   -29 46    170    42   524  0.62  0.26
02J4  20 AUG 82  SERC-J2    01 08   -24 44    137    21   445  0.67  0.24
02J5  30 MAY 76  SERC-J1    13 15   -25 16     69    31   583  0.48  0.31
02J6  30 JUL 78  SERC-J2    16 33   -25 06     71    21   472  0.55  0.35
02J7  13 OCT 80  SERC-J2    01 26   -19 44     75    14   398  0.62  0.24
02J8  08 MAR 79  SERC-J2    15 27   -20 10    119    52   715  0.57  0.30
02J9  25 OCT 78  SERC-J2    02 43   -29 47    204    41   460  0.66  0.28
02JA  30 MAY 76  SERC-J1    20 57   -24 48    197    63   622  0.62  0.31
02JB  10 NOV 82  SERC-J2    00 44   -19 44     93    11   409  0.51  0.26
02JC  03 JAN 82  SERC-J2    09 02   -15 12    211    58   993  0.68  0.30
02JD  29 SEP 81  SERC-J2    21 23   -14 47     87    27   582  0.57  0.28
02JE  03 MAY 81  SERC-J2    15 23   -10 11     44    28   489  0.44  0.26
02JF  15 OCT 82  SERC-J2    00 03   -04 43     86    20   379  0.63  0.27
02JG  16 AUG 82  SERC-J2    22 23   +00 15     75    26   509  0.48  0.23
02JH  14 JUL 83  SERC-J2    23 03   +00 16     66    18   445  0.58  0.23
02JI  06 NOV 82  SERC-J2    23 43   +00 17    164    27   423  0.66  0.26
02KW  11 AUG 83  PAL-V1     21 43   +12 40     77    25   706  0.51  0.31
02KX  21 OCT 82  PAL-V1     01 32   +36 45     64    11   935  0.47  0.28
02MA  15 SEP 79  SERC-J2    19 53   -64 52    299    74   893  0.74  0.30
02MB  24 JUN 76  SERC-J1    21 33   -49 47    153    51   713  0.56  0.28
02MC  01 MAY 76  SERC-J1    14 03   -45 14    877   118  1384  0.76  0.35
02MD  03 MAR 81  SERC-J2    10 26   -35 15    739    84  1096  0.71  0.31
02ME  30 MAY 76  SERC-J1    11 24   -25 16    121    50   766  0.55  0.29
02MF  11 MAY 83  SERC-J2    11 23   -15 16    111    25   499  0.65  0.26
02MG  14 JAN 83  SERC-J2    07 43   -00 07    940   159  1282  0.76  0.35
02N5  12 NOV 83  SERC-J2    04 42   -44 54    161    35   714  0.65  0.25
02N7  12 DEC 83  SERC-J2    07 44   -20 07    633   326  2622  0.56  0.37
02N8  07 MAR 84  SERC-J2    11 43   -10 17     89    21   398  0.58  0.25
02N9  24 NOV 84  SERC-J2    05 22   -04 57    411    71   978  0.74  0.28
02NB  03 JAN 84  SERC-J2    05 42   -04 59    415    50   712  0.70  0.30
02NC  08 MAR 83  SERC-J2    10 03   -05 15    144    20   550  0.60  0.26
02ND  12 MAY 83  SERC-J2    11 43   -05 17    115    16   380  0.62  0.26
02NE  07 OCT 83  SERC-J2    21 43   -04 46     54    35   568  0.46  0.27
02NF  05 NOV 82  SERC-J2    23 23   -04 44     55    17   414  0.53  0.27
02NG  07 OCT 83  SERC-J2    04 02   -14 52    103    28   428  0.68  0.28
02NH  15 DEC 84  SERC-J2    04 22   -14 53    179    39   685  0.63  0.24
02NI  06 NOV 83  SERC-J2    05 02   -14 56    364    45   768  0.68  0.27
02NJ  05 NOV 83  SERC-J2    05 22   -14 57    343    78   907  0.65  0.26
02NK  11 NOV 83  SERC-J2    06 22   -15 02   1034   115  1278  0.76  0.31
02NL  12 MAY 83  SERC-J2    13 03   -15 16     96    23   408  0.58  0.29
02NM  10 MAY 83  SERC-J2    13 23   -15 16    247    26   476  0.71  0.26
02NN  06 OCT 83  SERC-J2    23 03   -14 44    100    13   431  0.63  0.25
02NO  01 OCT 83  SERC-J2    03 22   -09 49    212    28   394  0.70  0.30
02NQ  25 OCT 82  SERC-J2    04 22   -09 53    145    46   590  0.61  0.27
02NR  17 NOV 84  SERC-J2    05 02   -09 56    353    46   787  0.71  0.26
02NS  23 NOV 84  SERC-J2    05 22   -09 57    414    65   897  0.75  0.29
02NT  14 FEB 83  SERC-J2    06 22   -10 02    516    74   921  0.72  0.31
02NU  29 MAR 84  SERC-J2    12 43   -10 16     67    26   506  0.53  0.26
02NV  21 JUL 82  SERC-J2    15 43   -10 09     62    13   561  0.53  0.28
02NW  01 OCT 83  SERC-J2    23 03   -09 44     89    21   466  0.58  0.28
02NY  29 DEC 83  SERC-J2    06 02   -05 00    300    70   893  0.69  0.32
02NZ  08 DEC 83  SERC-J2    06 22   -05 02    324   122  1086  0.58  0.34
02O0  05 MAR 84  SERC-J2    11 03   -05 16    176    16   407  0.69  0.27
02O1  08 MAY 83  SERC-J2    11 23   -05 16    241    13   424  0.72  0.26
02O2  05 MAR 84  SERC-J2    12 23   -05 17     68    29   443  0.49  0.25
02O3  30 MAY 84  SERC-J2    14 03   -05 14     89    31   421  0.61  0.27
02O4  01 JUL 83  SERC-J2    14 23   -05 14     62    21   414  0.51  0.27
02O5  06 MAY 83  SERC-J2    15 03   -05 12     99    23   412  0.58  0.28
02O6  16 JUL 83  SERC-J2    22 23   -04 45     83    26   445  0.62  0.26
02O7  23 NOV 84  SERC-J2    05 03   +00 04    477    51  1026  0.68  0.28
02O8  07 MAR 84  SERC-J2    06 43   -00 03    773   149  1490  0.77  0.35
02O9  11 MAR 84  SERC-J2    12 03   -00 17    123    18   363  0.64  0.27
02OA  07 MAR 84  SERC-J2    13 43   -00 15    121    24   440  0.69  0.24
02PU  26 OCT 78  SERC-J2    00 35   -54 43    193    37   511  0.57  0.27
02PV  10 JUL 80  SERC-J2    20 51   -34 49    203    43   833  0.68  0.26
02QN  21 AUG 84  SERC-J2    19 43   -09 20    257    43   861  0.61  0.31
02RF  06 NOV 83  PAL-V1     00 08   +72 48    115    17  1122  0.45  0.29
02RG  06 NOV 83  PAL-V1     02 30   +72 39    128    26  1077  0.55  0.27
02RH  06 FEB 84  PAL-V1     09 44   +65 21     62    19   641  0.45  0.23
02RJ  06 NOV 83  PAL-V1     08 16   +59 33    109    24   661  0.53  0.27
02RK  31 AUG 84  PAL-V4     20 35   +60 30    144    52  1340  0.44  0.27
02RL  27 AUG 84  PAL-V4     23 35   +60 48    163    72  2010  0.45  0.25
02RM  11 OCT 83  PAL-V1     00 08   +54 48    223    65  2230  0.46  0.28
02RN  06 NOV 83  PAL-V1     00 42   +48 48    267    52  1823  0.59  0.29
02RO  08 SEP 83  PAL-V1     03 00   +48 34    216    86  1643  0.47  0.30
02RP  15 SEP 83  PAL-V1     03 34   +48 29    133    63  1464  0.48  0.28
02RQ  14 JAN 83  PAL-V1     05 51   +48 03    137    38  1218  0.48  0.28
02RS  18 JAN 85  PAL-V4     06 25   +47 55     78    29  1108  0.45  0.22
02RT  07 NOV 83  PAL-V1     07 33   +47 41     91    28   722  0.57  0.25
02RU  16 APR 83  PAL-V1     17 38   +47 55     74    23   906  0.47  0.29
02RV  17 MAY 83  PAL-V1     18 46   +48 10    156    47  1356  0.45  0.30
02RW  14 JUN 83  PAL-V1     21 03   +48 34    367   234  2234  0.52  0.36
02RX  15 SEP 83  PAL-V1     00 07   +42 48    103    41  1252  0.44  0.25
02RY  04 AUG 84  PAL-V4     01 08   +42 46    149    49  1035  0.53  0.27
02RZ  09 JAN 83  PAL-V1     03 09   +42 33    141    54  1493  0.47  0.29
02S0  23 MAY 82  PAL-V1     18 05   +42 01    150    52  1167  0.51  0.28
02S1  03 SEP 83  PAL-V1     22 06   +42 43    267    81  1817  0.49  0.30
02S2  24 AUG 84  PAL-V4     23 37   +42 48    114    38  1245  0.43  0.25
02S3  21 OCT 82  PAL-V1     00 36   +36 48    104    21   829  0.58  0.32
02S4  21 OCT 82  PAL-V1     02 01   +36 42    119    38  1065  0.43  0.28
02S5  18 JAN 85  PAL-V4     03 53   +36 26     67    33   929  0.43  0.24
02S6  24 OCT 78  SERC-J2    00 26   -34 43    250    29   403  0.66  0.28
02TL  07 NOV 83  PAL-V1     07 10   +35 47     97    40   982  0.53  0.26
02TN  08 JUL 83  PAL-V1     19 41   +36 20    323   161  2539  0.51  0.33
02TO  16 JUL 83  PAL-V1     22 02   +36 44    112    59  1440  0.50  0.26
02TP  17 JUL 83  PAL-V1     22 30   +36 45    130    37  1194  0.51  0.23
02TQ  18 OCT 82  PAL-V1     02 45   +30 37     71    20   658  0.51  0.25
02TR  18 OCT 82  PAL-V1     04 55   +30 14     86    19   587  0.47  0.28
02TS  14 JAN 83  PAL-V1     09 15   +29 24     33    11   476  0.48  0.24
02TX  22 MAY 82  PAL-V1     17 21   +36 51     82    26   918  0.44  0.24
02U9  06 NOV 83  PAL-V1     01 55   +66 43    130    45  1273  0.50  0.29
02UB  12 AUG 83  PAL-V1     18 44   +30 09    166    59  1729  0.47  0.32
02UC  05 JUL 84  PAL-V4     20 02   +30 24    644   316  2878  0.50  0.38
02UD  18 OCT 82  PAL-V1     22 13   +30 43     85    36  1190  0.55  0.26
02UE  18 OCT 82  PAL-V1     22 39   +30 45    136    31  1166  0.48  0.27
02UF  13 JAN 83  PAL-V1     07 57   +23 37     98    26   826  0.48  0.25
02UG  10 JAN 84  PAL-V1     08 23   +23 32     41    20   739  0.44  0.25
02UK  20 AUG 82  PAL-V1     18 44   +24 09    221   106  1631  0.51  0.36
02UM  20 AUG 82  PAL-V1     19 36   +24 19    358   130  1592  0.55  0.39
02UN  12 AUG 83  PAL-V1     20 28   +24 29    216    71  1847  0.53  0.32
02UO  19 MAY 82  PAL-V1     17 42   +17 56     94    41  1165  0.50  0.27
02UP  23 JUN 82  PAL-V1     19 18   +18 16    187    70  1146  0.46  0.31
02UQ  23 JUN 82  PAL-V1     20 07   +18 25    283   138  2027  0.51  0.34
02UR  06 JUL 84  PAL-V4     20 30   +18 29    268   114  1765  0.48  0.31
02US  25 JUL 82  PAL-V1     21 43   +18 40     83    25   734  0.50  0.31
02UT  24 NOV 84  PAL-V4     04 56   +12 14     59    23   748  0.48  0.25
02UU  24 DEC 84  PAL-V4     06 56   +11 49    120    66  1523  0.45  0.26
02UV  18 JAN 85  PAL-V4     07 20   +11 44    117    57  1298  0.49  0.23
02UW  17 NOV 82  PAL-V1     07 44   +11 39     76    35  1037  0.51  0.27
02UX  21 DEC 84  PAL-V4     08 08   +11 35     83    28   981  0.42  0.23
02UY  20 MAY 82  PAL-V1     18 07   +12 01    167    60  1466  0.49  0.29
02UZ  20 MAY 82  PAL-V1     18 55   +12 11    147    80  1376  0.48  0.30
02V0  11 AUG 83  PAL-V1     19 19   +12 16    157    52  1234  0.49  0.34
02V1  23 JUL 82  PAL-V1     20 31   +12 39    149    72  1487  0.51  0.31
02V2  04 NOV 83  PAL-V1     21 19   +12 37     90    33   848  0.46  0.30
02V3  18 NOV 82  PAL-V1     04 56   +06 10     65    26  1022  0.49  0.28
02V4  18 JAN 85  PAL-V4     07 44   +05 40     88    50  1205  0.44  0.22
02V5  18 NOV 82  PAL-V1     08 08   +05 35     77    36   924  0.49  0.28
02V6  17 DEC 82  PAL-V1     08 56   +05 27     45    21   794  0.44  0.23
02V7  24 JUN 82  PAL-V1     18 07   +06 01    171    84  1321  0.46  0.33
02V8  10 OCT 83  PAL-V1     21 19   +06 37     64    22   717  0.46  0.32
02V9  06 NOV 83  PAL-V1     21 43   +06 40     57    18   612  0.46  0.26
02WZ  11 OCT 83  PAL-V1     06 05   +60 00     77    22   933  0.44  0.27
02X1  24 JUL 84  PAL-V4     16 10   +59 38     60    12   636  0.57  0.22
02X2  27 AUG 84  PAL-V4     22 05   +60 42    191    60  1625  0.48  0.25
02X4  08 OCT 83  SERC-J2    21 03   -14 48    129    45   678  0.60  0.30
031D  27 SEP 76  SERC-J1    22 55   -44 44     65    17   515  0.55  0.28
031E  07 NOV 83  PAL-V1     03 40   +72 28     94    29  1090  0.50  0.24
031F  05 SEP 83  PAL-V1     19 57   +66 21    108    44  1116  0.45  0.24
031G  06 NOV 83  PAL-V1     07 33   +59 42    117    54   925  0.49  0.29
031H  27 AUG 84  PAL-V4     22 50   +60 46    135    53  1696  0.48  0.28
031I  04 SEP 83  PAL-V1     22 12   +48 43    424   170  2754  0.56  0.33
031J  09 SEP 83  PAL-V1     23 55   +48 48    229    94  1863  0.49  0.29
031K  03 SEP 83  PAL-V1     23 07   +42 47    109    38  1302  0.49  0.28
031L  22 DEC 84  PAL-V4     02 29   +36 39     64    37  1036  0.53  0.22
031M  17 FEB 83  PAL-V1     07 38   +35 41    139    35   890  0.57  0.31
034G  04 MAY 83  PAL-V1     13 49   +77 17     63    17   685  0.52  0.32
034H  07 MAY 83  PAL-V1     16 45   +77 45     69    20   813  0.52  0.31
034I  07 NOV 83  PAL-V1     01 19   +72 46    128    40  1194  0.48  0.24
034J  05 NOV 83  PAL-V1     04 49   +72 18    120    34  1225  0.51  0.27
034K  24 NOV 84  PAL-V4     23 55   +72 48     90    26  1040  0.42  0.23
034L  05 NOV 83  PAL-V1     03 41   +66 28    169    32  1060  0.61  0.28
034M  04 NOV 83  PAL-V1     06 19   +65 58    126    21  1046  0.44  0.28
034O  17 APR 83  PAL-V1     16 29   +65 41    107    27   731  0.60  0.27
034P  06 SEP 83  PAL-V1     21 43   +66 40    127    65  1398  0.44  0.25
034Q  05 SEP 83  PAL-V1     22 37   +66 45    124    41  1205  0.52  0.25
034R  05 SEP 83  PAL-V1     23 30   +66 48    148    43  1237  0.46  0.29
034T  11 OCT 83  PAL-V1     05 21   +60 10     71    22   855  0.47  0.27
034U  06 NOV 83  PAL-V1     06 49   +59 51    156    29   980  0.53  0.27
036B  17 APR 83  PAL-V1     17 38   +59 55     83    24   836  0.58  0.23
036C  17 MAY 83  PAL-V1     19 06   +60 14    200    52  1355  0.56  0.33
036D  11 OCT 83  PAL-V1     01 25   +54 55    242    84  2161  0.45  0.30
036E  11 OCT 83  PAL-V1     02 42   +54 37    165    99  1821  0.46  0.30
036F  11 OCT 83  PAL-V1     03 59   +54 25    176    47  1035  0.56  0.30
036G  08 JUL 83  PAL-V1     22 15   +54 43    384   144  2815  0.56  0.29
036H  08 JUL 83  PAL-V1     22 54   +54 46    264   109  2509  0.49  0.28
036I  06 SEP 83  PAL-V1     01 17   +48 46    255    73  1449  0.49  0.27
036J  08 SEP 83  PAL-V1     02 26   +48 40    244   130  2127  0.51  0.31
036K  06 NOV 83  PAL-V1     04 09   +48 24    136    43  1335  0.48  0.27
036L  11 FEB 83  PAL-V1     06 59   +47 48    118    39   934  0.53  0.36
036M  11 JAN 84  PAL-V1     08 40   +47 29     48    12   642  0.52  0.24
036O  04 SEP 83  PAL-V1     23 21   +48 48    163    66  1852  0.48  0.29
036P  09 JAN 83  PAL-V1     05 10   +42 11    138    82  1906  0.47  0.30
036Q  21 OCT 82  PAL-V1     00 07   +36 48     87    30   990  0.46  0.30
036R  18 JAN 85  PAL-V4     02 57   +36 35     83    38   947  0.47  0.24
037G  21 OCT 82  PAL-V1     05 46   +36 04    128    59  1519  0.51  0.33
037H  17 FEB 83  PAL-V1     08 05   +35 36     90    23   778  0.55  0.28
037I  22 MAY 82  PAL-V1     17 49   +35 57    103    33  1124  0.47  0.25
037J  22 MAY 82  PAL-V1     18 17   +36 03    119    47  1325  0.45  0.27
037K  22 MAY 82  PAL-V1     19 13   +36 15    249   111  2057  0.46  0.32
037L  24 NOV 84  PAL-V4     22 59   +36 47    174    50  1184  0.55  0.24
037M  20 OCT 82  PAL-V1     23 27   +36 48     89    34  1139  0.52  0.25
037N  20 OCT 82  PAL-V1     23 55   +36 48     74    20   935  0.45  0.24
037O  08 SEP 83  PAL-V1     01 52   +30 43     86    28   761  0.46  0.27
037Y  11 JAN 84  PAL-V1     10 58   +29 12     40     4   392  0.56  0.25
037Z  21 MAY 82  PAL-V1     15 16   +29 28     37    13   445  0.48  0.24
0380  16 APR 83  PAL-V1     17 00   +29 47     60    16   782  0.47  0.30
0381  21 JUL 82  PAL-V1     17 52   +29 58    123    58  1070  0.47  0.30
0382  07 JUL 83  PAL-V1     20 28   +30 29    194    99  2168  0.47  0.31
0383  12 OCT 83  PAL-V1     23 31   +30 48     74    24   881  0.58  0.26
0384  08 SEP 83  PAL-V1     00 07   +24 48    102    22   731  0.52  0.28
0385  07 SEP 83  PAL-V1     01 52   +24 43     52    19   469  0.45  0.30
0386  07 SEP 83  PAL-V1     02 18   +24 40     61    26   542  0.47  0.25
0387  14 JAN 83  PAL-V1     02 44   +24 37     50     8   509  0.49  0.23
0388  10 JAN 84  PAL-V1     08 48   +23 28     52    18   681  0.41  0.25
0389  10 JAN 84  PAL-V1     09 14   +23 24     36    22   493  0.39  0.25
038A  13 JAN 83  PAL-V1     12 41   +23 12     43    21   381  0.43  0.30
0396  10 SEP 75  SERC-J1    00 40   -59 44    251    27   507  0.77  0.25
0397  27 SEP 76  SERC-J1    03 49   -59 51    312    36   568  0.72  0.27
0398  29 OCT 76  SERC-J1    05 43   -59 59    190    69   876  0.56  0.31
039A  13 JAN 78  SERC-J2    06 59   -60 04    406    82  1158  0.72  0.28
039B  21 MAR 77  SERC-J1    08 15   -60 09    387   175  1560  0.63  0.36
039C  02 JUL 76  SERC-J1    20 58   -59 48    341    50   703  0.68  0.27
039D  13 OCT 80  SERC-J2    00 03   -54 43    143    39   533  0.61  0.25
039E  10 OCT 77  SERC-J2    01 08   -54 44    127    28   522  0.60  0.25
039F  01 NOV 75  SERC-J1    02 14   -54 46    106    40   535  0.53  0.27
039G  19 DEC 78  SERC-J2    02 47   -54 47    111    35   499  0.58  0.28
039H  04 JAN 83  SERC-J2    03 19   -54 49    139    43   579  0.61  0.27
039I  26 OCT 78  SERC-J2    03 52   -54 51    172    37   595  0.63  0.29
039J  28 OCT 76  SERC-J1    05 31   -54 58    187    76   856  0.56  0.27
039N  09 JAN 78  SERC-J2    06 04   -55 00    188    80  1005  0.55  0.29
039O  03 FEB 78  SERC-J2    07 10   -55 05    260   126  1272  0.56  0.29
039P  24 APR 76  SERC-J1    09 23   -55 13    798   423  2725  0.56  0.42
039R  31 MAY 76  SERC-J1    12 09   -55 17    539   233  2282  0.59  0.40
039T  09 JUN 75  SERC-J1    14 21   -55 14    379   166  1789  0.57  0.40
039U  02 MAY 76  SERC-J1    18 13   -54 59    319   111  1136  0.63  0.36
03BQ  29 JUL 78  SERC-J2    18 46   -54 57    341   114  1088  0.59  0.36
03BR  31 MAY 76  SERC-J1    19 19   -54 54    333    92   985  0.62  0.32
03BS  02 JUL 76  SERC-J1    19 52   -54 52    238    68  1004  0.58  0.31
03BT  12 JUL 77  SERC-J2    20 58   -54 48    213    59   713  0.58  0.30
03BU  14 JUN 75  SERC-J1    21 31   -54 47    202    36   698  0.64  0.27
03BV  15 SEP 79  SERC-J2    22 36   -54 44    141    38   588  0.55  0.28
03BW  26 OCT 75  SERC-J1    00 32   -49 43    143    33   535  0.60  0.24
03BX  17 NOV 79  SERC-J2    01 32   -49 45     83    43   483  0.52  0.26
03BY  10 OCT 77  SERC-J2    02 32   -49 47    135    33   512  0.63  0.27
03BZ  17 SEP 77  SERC-J2    03 32   -49 50    157    46   634  0.67  0.27
03C0  10 OCT 77  SERC-J2    04 01   -49 52    136    41   628  0.57  0.24
03C1  04 JAN 83  SERC-J2    04 31   -49 54    189    40   662  0.69  0.24
03C2  24 APR 79  SERC-J2    11 02   -50 16    668   126  1914  0.64  0.36
03C3  26 FEB 79  SERC-J2    12 33   -50 17    511   150  1701  0.61  0.36
03C4  23 APR 76  SERC-J1    13 03   -50 16    502   162  1594  0.56  0.37
03CI  05 NOV 83  PAL-V1     06 31   +77 55     44     9   461  0.49  0.25
03CJ  17 DEC 82  PAL-V1     06 08   +11 59    207    83  1431  0.51  0.31
03D3  10 MAY 75  SERC-J1    19 04   -59 56    681    68  1099  0.74  0.31
03D5  12 JUN 83  SERC-J2    21 41   -24 46    204    33   615  0.69  0.26
03DI  12 JAN 83  PAL-V1     08 40   +19 42     58    20   862  0.51  0.23
03DP  24 JUN 76  SERC-J1    12 42   -55 16    757   278  2042  0.68  0.42
03DQ  14 MAR 75  SERC-J1    08 01   -50 08    776   231  1650  0.65  0.37
03DS  30 MAY 75  SERC-J1    13 15   -35 16    389    78   881  0.73  0.30
03O4  17 OCT 82  PAL-V1     03 20   +12 32     48    17   336  0.48  0.30
03O5  20 APR 82  PAL-V1     16 55   +11 46     86    28   844  0.44  0.27
03O6  25 JUN 82  PAL-V1     18 55   +06 11    152    64  1085  0.46  0.31
03O9  01 JUN 84  SERC-J2    12 03   -05 17     68    34   395  0.43  0.23
03OB  21 MAY 82  PAL-V1     18 18   +24 03    142    60  1330  0.44  0.29
03OC  20 AUG 82  PAL-V1     19 10   +24 14    207   101  1476  0.50  0.39
03OD  20 AUG 82  PAL-V1     20 54   +24 33    238    84  1461  0.55  0.39
03OE  05 NOV 83  PAL-V1     21 20   +24 37    125    34  1226  0.50  0.27
03OF  05 NOV 83  PAL-V1     21 47   +24 40     72    25   923  0.49  0.27
03ON  11 OCT 83  PAL-V1     23 05   +24 47     74    20   775  0.53  0.24
03OO  05 SEP 83  PAL-V1     02 08   +18 41     37    15   412  0.45  0.25
03OP  13 JAN 83  PAL-V1     06 56   +17 49    189    72  1454  0.49  0.28
03OQ  16 DEC 82  PAL-V1     08 08   +17 35     40    18   839  0.41  0.22
03OR  23 JUN 82  PAL-V1     18 30   +18 05    188    59  1374  0.49  0.32
03OS  23 JUN 82  PAL-V1     18 54   +18 11    216    99  1445  0.49  0.34
03QN  25 JUN 82  PAL-V1     22 31   +18 45    100    32   782  0.47  0.28
03QO  17 OCT 82  PAL-V1     02 07   +12 47     30    10   422  0.46  0.28
03QP  24 DEC 84  PAL-V4     05 20   +12 09     59    21   811  0.48  0.25
03QQ  17 DEC 82  PAL-V1     06 32   +11 54    135    93  1348  0.48  0.29
03QR  21 DEC 84  PAL-V4     11 20   +11 12     34     5   409  0.56  0.24
03QS  20 APR 82  PAL-V1     14 31   +11 22     20    14   373  0.44  0.23
03QT  16 APR 83  PAL-V1     16 07   +11 36     40    14   546  0.49  0.30
03QU  10 OCT 83  PAL-V1     20 55   +12 33    143    39  1253  0.46  0.31
03QV  19 OCT 82  PAL-V1     01 20   +06 46     48    17   510  0.49  0.24
03QW  18 NOV 82  PAL-V1     05 20   +06 09     79    38  1174  0.46  0.29
03QX  18 NOV 82  PAL-V1     06 56   +05 49    218    94  1702  0.52  0.32
03R4  20 APR 82  PAL-V1     17 19   +11 51     65    24   850  0.49  0.27
03R5  18 JAN 85  PAL-V4     07 20   +05 44     81    47  1453  0.44  0.26
03R6  17 DEC 82  PAL-V1     08 32   +05 31     46    17   974  0.46  0.24
03R7  17 DEC 82  PAL-V1     09 20   +05 23     24    12   571  0.45  0.22
03R8  17 FEB 83  PAL-V1     14 55   +05 25     44    19   424  0.53  0.26
03R9  24 JUN 82  PAL-V1     15 43   +05 32     44    18   533  0.43  0.28
03RB  24 JUN 82  PAL-V1     17 19   +05 51     99    42   974  0.49  0.26
03RC  24 JUN 82  PAL-V1     17 43   +05 56    106    60  1131  0.44  0.29
03RD  24 JUN 82  PAL-V1     20 07   +06 25    156    70  1631  0.49  0.31
03RE  24 JUN 82  PAL-V1     20 31   +06 29    123    56  1395  0.48  0.30
03RU  06 JUL 84  PAL-V4     20 55   +06 33    135    43  1168  0.49  0.26
03RV  05 NOV 83  PAL-V1     22 31   +06 45     52    21   536  0.51  0.27
03TS  16 AUG 82  SERC-J2    20 03   +00 08    154    64   953  0.54  0.31
03TT  09 APR 81  SERC-J2    17 23   -00 03    118    28   681  0.61  0.27
03TU  25 MAR 80  SERC-J2    16 23   -00 07    120    27   579  0.60  0.26
03TV  23 JAN 82  SERC-J2    09 03   -00 12    277    35   709  0.70  0.29
03TW  30 MAY 84  SERC-J2    19 43   +00 07    180    69   939  0.54  0.35
03TX  09 MAY 83  SERC-J2    09 43   -00 14    259    27   511  0.70  0.28
03TY  07 MAR 84  SERC-J2    09 23   -00 13    205    24   471  0.68  0.27
03TZ  24 JAN 84  SERC-J2    06 03   -00 00    304    60   773  0.67  0.32
03U0  09 DEC 82  SERC-J2    03 03   +00 12     60    18   412  0.59  0.26
03U1  17 OCT 82  SERC-J2    22 43   -04 44     69     9   440  0.60  0.24
03U2  16 JUL 82  SERC-J2    21 23   -04 47     69    26   556  0.55  0.26
03U3  21 AUG 82  SERC-J2    21 03   -04 48    104    51   836  0.50  0.26
03U4  25 JUL 82  SERC-J2    20 43   -04 49    118    58  1013  0.54  0.29
03UO  24 JUL 82  SERC-J2    19 23   -04 54    128    52   880  0.54  0.36
03UQ  19 AUG 82  SERC-J2    18 23   -04 58     63    23   336  0.55  0.30
03UR  10 AUG 82  SERC-J2    18 03   -05 00     74    27   384  0.59  0.31
03US  09 JUL 83  SERC-J2    17 23   -05 03     83    23   336  0.56  0.30
03UT  17 JUL 82  SERC-J2    16 23   -05 07     71    38   487  0.49  0.30
03UU  05 JUN 83  SERC-J2    16 03   -05 08     76    32   478  0.47  0.30
03UV  07 MAY 83  SERC-J2    15 43   -05 09     90    22   431  0.56  0.27
03UW  01 MAY 81  SERC-J2    15 23   -05 11     63    23   414  0.53  0.28
03UX  07 MAY 83  SERC-J2    14 43   -05 13     48    29   432  0.45  0.27
03UY  07 MAY 83  SERC-J2    13 43   -05 15     57    31   409  0.54  0.28
03VX  12 DEC 82  SERC-J2    07 22   -05 06    589   265  1908  0.60  0.39
03VY  08 DEC 83  SERC-J2    08 02   -05 08    466   122  1568  0.64  0.33
03VZ  19 FEB 82  SERC-J2    09 02   -05 12    144    50   765  0.54  0.29
03W0  05 MAR 84  SERC-J2    09 22   -05 13    128    46   635  0.60  0.28
03W1  15 APR 82  SERC-J2    10 23   -05 15     71    31   518  0.56  0.26
03W2  08 MAY 83  SERC-J2    13 23   -05 16     67    17   430  0.48  0.28
03Y3  21 OCT 82  PAL-V1     06 14   +35 58    148    86  1228  0.51  0.34
03Y4  21 OCT 82  PAL-V1     06 42   +35 52    146    65  1124  0.51  0.32
03Y5  23 MAR 85  PAL-V4     17 00   +23 47     54    25   831  0.42  0.24
03Y6  07 OCT 83  SERC-J2    00 23   -14 43    140    20   426  0.67  0.25
03Y7  12 SEP 83  SERC-J2    01 02   -14 44     80    27   331  0.56  0.28
03Y8  12 SEP 83  SERC-J2    03 22   -14 49    147    30   398  0.67  0.28
03Y9  27 NOV 84  SERC-J2    04 42   -14 54    253    26   669  0.67  0.24
03YA  03 DEC 81  SERC-J2    05 42   -14 59    383    70  1061  0.65  0.28
03YB  16 FEB 83  SERC-J2    09 22   -15 13    213    73   866  0.59  0.29
03YC  22 APR 84  SERC-J2    10 02   -15 15    161    56   595  0.64  0.29
03YD  30 JAN 84  SERC-J2    10 42   -15 16    177    32   597  0.65  0.26
03YE  29 MAR 84  SERC-J2    11 02   -15 16     93    33   525  0.61  0.26
03YF  10 MAY 83  SERC-J2    11 43   -15 17    169    35   538  0.68  0.27
03YG  06 MAR 84  SERC-J2    12 23   -15 17    150    18   513  0.59  0.26
03YH  05 MAR 84  SERC-J2    14 23   -15 14    135    35   455  0.63  0.32
03YI  22 APR 82  SERC-J2    15 23   -15 11     92    44   641  0.62  0.26
03YJ  20 JUL 82  SERC-J2    15 43   -15 09    127    34   679  0.65  0.28
03YK  10 JUL 83  SERC-J2    16 03   -15 08    131    30   619  0.66  0.29
03YL  24 JUN 79  SERC-J2    16 43   -15 06     77    19   391  0.54  0.30
03YM  26 AUG 84  SERC-J2    17 23   -15 03    150    55   735  0.54  0.36
03YO  16 JUL 82  SERC-J2    22 23   -14 45     59    21   460  0.48  0.24
03YP  16 AUG 82  SERC-J2    02 02   -09 46    101    21   452  0.60  0.26
03YQ  13 OCT 82  SERC-J2    04 42   -09 54    484    36   813  0.77  0.27
03YR  06 MAR 84  SERC-J2    06 42   -10 03    727    97  1324  0.70  0.34
0445  11 DEC 82  SERC-J2    07 22   -10 06    886   265  2093  0.69  0.38
0446  06 MAR 84  SERC-J2    08 02   -10 08    718   153  1668  0.69  0.35
0447  13 MAR 83  SERC-J2    09 22   -10 13    131    39   708  0.61  0.25
0448  10 MAY 83  SERC-J2    09 42   -10 14     91    48   649  0.57  0.27
0449  09 MAY 83  SERC-J2    11 23   -10 16    119    28   474  0.62  0.30
044A  05 APR 84  SERC-J2    12 03   -10 17     59    22   395  0.51  0.27
044B  31 MAY 84  SERC-J2    13 43   -10 15     78    27   463  0.61  0.27
044C  09 AUG 82  SERC-J2    16 03   -10 08    120    22   554  0.51  0.27
044D  12 AUG 82  SERC-J2    17 23   -10 03    100    17   362  0.63  0.30
044E  14 JUL 82  SERC-J2    20 03   -09 52    207    74   911  0.58  0.34
044F  21 SEP 79  SERC-J2    22 03   -09 45     74    28   555  0.50  0.26
044G  13 JUL 83  SERC-J2    22 43   -09 44     70     9   409  0.61  0.25
044H  27 AUG 82  SERC-J2    01 43   -04 45    155    23   432  0.68  0.23
044J  25 AUG 84  SERC-J2    03 02   -04 48     80    19   356  0.54  0.26
044K  24 SEP 82  SERC-J2    03 22   -04 49     58    26   452  0.50  0.24
044L  16 SEP 82  SERC-J2    03 42   -04 50     88    20   514  0.56  0.26
044M  22 OCT 82  SERC-J2    04 02   -04 52    132    25   471  0.65  0.23
044N  12 DEC 82  SERC-J2    04 42   -04 54    584    24   819  0.76  0.26
047T  05 MAY 76  SERC-J1    19 34   -49 53    227    71  1032  0.57  0.30
047U  09 OCT 80  SERC-J2    22 33   -49 45    139    25   579  0.65  0.24
047V  23 MAY 80  SERC-J2    20 08   -44 51    194    60   893  0.54  0.33
047W  19 AUG 82  SERC-J2    23 01   -39 44    144    22   497  0.67  0.26
047X  19 JUL 80  SERC-J2    00 03   -34 43    345    20   407  0.63  0.26
047Y  12 JUL 80  SERC-J2    01 14   -34 44    338    14   462  0.69  0.28
047Z  23 AUG 79  SERC-J2    02 26   -34 47    320    28   514  0.69  0.30
0480  09 DEC 80  SERC-J2    04 02   -34 52    164    28   624  0.66  0.24
0482  18 MAR 80  SERC-J2    10 50   -35 16    909    69  1129  0.78  0.30
0483  19 AUG 79  SERC-J2    21 39   -34 46    210    34   593  0.71  0.28
0484  09 AUG 80  SERC-J2    22 27   -34 45    291    28   532  0.69  0.28
0485  05 OCT 80  SERC-J2    23 15   -34 44    303    21   429  0.71  0.26
0486  08 SEP 81  SERC-J2    03 29   -29 50    173    24   549  0.58  0.28
049C  29 DEC 79  SERC-J2    09 38   -35 14    473   110  1626  0.69  0.33
049T  17 MAR 77  SERC-J1    14 34   -85 13    166    76   965  0.60  0.32
049U  01 SEP 76  SERC-J1    01 45   -69 45     63    36   626  0.47  0.27
049V  30 JUL 78  SERC-J2    22 47   -64 44    156    52   679  0.56  0.30
049W  16 JUL 80  SERC-J2    23 03   -49 44     96    32   488  0.57  0.28
049X  10 DEC 80  SERC-J2    04 26   -24 53    126    29   608  0.61  0.27
049Y  16 JAN 83  SERC-J2    05 10   -24 56     88    27   864  0.52  0.26
049Z  22 DEC 79  SERC-J2    06 38   -25 03    335   127  1726  0.50  0.31
04A0  22 JAN 80  SERC-J2    09 34   -25 13    277    58   966  0.59  0.30
04A1  12 FEB 80  SERC-J2    09 56   -25 14    212    43   785  0.66  0.30
04BO  29 AUG 76  SERC-J1    02 19   -84 46     82    38   801  0.48  0.27
04BP  10 JAN 78  SERC-J2    04 39   -84 55    127    44   814  0.61  0.29
04BQ  07 FEB 78  SERC-J2    09 31   -85 13    164    35   898  0.68  0.29
04BR  30 APR 78  SERC-J2    12 03   -85 17    151    61   883  0.59  0.32
04BT  11 OCT 77  SERC-J2    02 58   -79 48     83    43   759  0.49  0.27
04BU  03 DEC 75  SERC-J1    02 12   -74 46     92    40   724  0.46  0.27
04BV  02 APR 76  SERC-J1    11 01   -75 16    788    91  1008  0.78  0.34
04BW  27 MAR 76  SERC-J1    15 30   -75 10    659   118  1735  0.71  0.34
04BX  01 APR 76  SERC-J1    17 43   -75 02    430    96  1328  0.71  0.31
04C0  07 FEB 78  SERC-J2    06 56   -70 04    298    65   944  0.65  0.30
04C1  08 FEB 78  SERC-J2    08 40   -70 11    706    93  1390  0.80  0.30
04C2  28 MAR 76  SERC-J1    15 41   -70 10    684   183  2381  0.70  0.36
04C3  03 APR 76  SERC-J1    17 26   -70 03    483   128  1748  0.66  0.36
04C4  02 SEP 78  SERC-J2    19 09   -69 55    308   100  1048  0.71  0.33
04C5  26 OCT 78  SERC-J2    22 36   -69 44    111    50   765  0.53  0.27
04C6  11 OCT 77  SERC-J2    23 27   -69 43     92    55   697  0.53  0.26
04C7  13 NOV 77  SERC-J2    00 03   -64 43    114    37   601  0.61  0.27
04C8  13 OCT 77  SERC-J2    00 46   -64 44     98    38   569  0.60  0.24
04C9  06 AUG 75  SERC-J1    01 30   -64 45     63    19   551  0.51  0.23
04CA  26 OCT 78  SERC-J2    02 13   -64 46     81    40   529  0.49  0.27
04CB  12 OCT 77  SERC-J2    02 57   -64 48     66    36   555  0.45  0.25
04CC  08 DEC 77  SERC-J2    07 20   -65 06    164    68  1110  0.62  0.30
04CD  03 APR 76  SERC-J1    08 49   -65 11    468   113  1559  0.68  0.35
04FD  07 OCT 77  SERC-J2    21 20   -64 47    131    33   763  0.56  0.26
04FE  23 JUL 76  SERC-J1    22 04   -64 45    161    44   725  0.59  0.28
04FH  17 AUG 77  SERC-J2    00 30   -44 43    172    24   488  0.60  0.26
04FI  15 SEP 79  SERC-J2    00 58   -44 44    163    25   452  0.69  0.28
04FJ  14 AUG 77  SERC-J2    01 54   -44 45    109    22   490  0.66  0.26
04FK  24 NOV 76  SERC-J1    02 22   -44 46    197    32   488  0.66  0.28
04FL  27 NOV 75  SERC-J1    02 50   -44 48    229    22   492  0.76  0.24
04FM  28 OCT 76  SERC-J1    03 46   -44 51    137    32   611  0.53  0.28
04FN  17 DEC 76  SERC-J1    04 14   -44 52    162    46   652  0.63  0.29
04FO  02 JAN 79  SERC-J2    06 05   -45 00    341    66   968  0.59  0.28
04FP  11 APR 77  SERC-J2    10 46   -45 16    673   144  1706  0.68  0.35
04FQ  02 MAY 76  SERC-J1    11 14   -45 16    482   121  1480  0.64  0.34
04FR  14 MAR 75  SERC-J1    15 27   -45 10    383   255  1869  0.54  0.44
04FS  05 SEP 78  SERC-J2    19 40   -44 53    166    72   919  0.56  0.35
04FT  15 AUG 79  SERC-J2    20 35   -44 50    204    71   961  0.55  0.28
04FU  15 SEP 76  SERC-J1    21 03   -44 48    123    58   788  0.53  0.31
04FW  08 SEP 77  SERC-J2    00 28   -39 43    161    34   447  0.68  0.28
04GW  21 AUG 77  SERC-J2    03 04   -39 48    211    36   521  0.68  0.25
04GX  18 DEC 76  SERC-J1    05 40   -39 58    439    44  1013  0.77  0.28
04GY  29 JAN 79  SERC-J2    06 32   -40 02    910    77  1161  0.82  0.31
04GZ  17 JAN 77  SERC-J1    10 00   -40 14    920   154  1738  0.67  0.36
04H0  24 JAN 80  SERC-J2    10 26   -40 15    849   133  1485  0.79  0.34
04H1  13 MAY 75  SERC-J1    10 52   -40 16    634   128  1333  0.75  0.33
04H2  06 JUN 77  SERC-J2    14 47   -40 13    511   117  1486  0.73  0.35
04H4  11 SEP 77  SERC-J2    21 17   -39 47    113    50   668  0.57  0.29
04H5  18 SEP 77  SERC-J2    01 38   -34 45    270    17   488  0.68  0.26
04H6  20 NOV 78  SERC-J2    02 02   -34 46    361    26   493  0.74  0.28
04H7  18 DEC 76  SERC-J1    04 26   -34 53    253    41   656  0.59  0.28
04H8  08 NOV 77  SERC-J2    04 50   -34 55    423    36   718  0.72  0.25
04H9  01 JAN 79  SERC-J2    06 02   -35 00    617    74  1072  0.74  0.29
04HA  05 FEB 78  SERC-J2    06 26   -35 02    644    77  1206  0.67  0.29
04HB  22 NOV 76  SERC-J1    06 50   -35 04    585    90  1270  0.75  0.32
04HC  21 DEC 79  SERC-J2    08 50   -35 11   1224   151  2046  0.71  0.34
04HD  10 JAN 78  SERC-J2    10 02   -35 15    279   103  1307  0.63  0.33
04HE  10 MAR 78  SERC-J2    11 14   -35 16    594    77  1017  0.70  0.31
04HF  31 MAY 75  SERC-J1    12 03   -35 17    407    64   987  0.75  0.27
04HG  03 JUN 75  SERC-J1    12 27   -35 17    161    31   824  0.67  0.25
04HH  29 MAY 76  SERC-J1    12 51   -35 16    433    49   828  0.75  0.31
04I5  15 JUN 85  SERC-J2    22 27   -19 45    160    62   457  0.68  0.31
04I6  07 OCT 83  SERC-J2    23 43   -14 43    112    31   387  0.62  0.27
04I7  17 APR 83  SERC-J2    11 03   -00 16     75    20   380  0.69  0.25
04II  08 JUN 75  SERC-J1    14 27   -35 13    570    76  1028  0.67  0.31
04IJ  31 MAY 86  SERC-J2    16 27   -35 07    667    97   935  0.73  0.41
04IK  29 JUL 78  SERC-J2    19 39   -34 53    127    57   739  0.57  0.30
04IM  20 AUG 76  SERC-J1    22 03   -34 45    232    40   565  0.71  0.28
04IN  17 NOV 76  SERC-J1    00 03   -29 43    187    32   474  0.59  0.28
04IO  25 OCT 78  SERC-J2    02 20   -29 46    231    28   475  0.60  0.30
04J3  11 DEC 79  SERC-J2    04 15   -29 53    164    29   649  0.64  0.27
04J4  31 DEC 78  SERC-J2    06 33   -30 02    615   107  1434  0.69  0.33
04J5  08 FEB 78  SERC-J2    06 56   -30 04    878   157  1831  0.71  0.36
04J6  31 DEC 78  SERC-J2    07 42   -30 07    650   315  2845  0.58  0.39
04J7  19 MAR 77  SERC-J1    08 28   -30 10   1327   315  2651  0.69  0.42
04J8  29 MAR 79  SERC-J2    08 51   -30 11    422   165  1741  0.64  0.34
04J9  10 MAR 78  SERC-J2    09 14   -30 12    288   113  1425  0.53  0.31
04JA  31 DEC 78  SERC-J2    09 37   -30 14    369    59  1239  0.69  0.30
04JB  10 MAY 75  SERC-J1    10 23   -30 15    205    77   936  0.57  0.32
04JC  10 FEB 78  SERC-J2    11 09   -30 16    267    55   909  0.61  0.31
04JD  05 MAR 79  SERC-J2    11 56   -30 17    206    76   873  0.54  0.32
04JE  20 JUN 74  SERC-J1    14 14   -30 14    219    99   877  0.56  0.34
04JF  20 APR 75  SERC-J1    15 23   -30 11    308    51   771  0.61  0.32
04JG  24 JUN 76  SERC-J1    15 46   -30 09    775    92  1156  0.74  0.34
04JH  08 AUG 77  SERC-J2    20 22   -29 50    493    59   872  0.70  0.32
04JI  17 JUN 74  SERC-J1    21 08   -29 48    114    49   639  0.51  0.31
04JJ  18 AUG 77  SERC-J2    23 26   -29 43    222    27   421  0.63  0.26
04JK  22 JUL 77  SERC-J2    00 03   -24 43     81    32   412  0.61  0.29
04JL  11 SEP 77  SERC-J2    00 25   -24 43    112    36   414  0.65  0.30
04JM  05 DEC 77  SERC-J2    01 52   -24 45    126    26   410  0.64  0.27
04LL  29 MAY 76  SERC-J1    12 53   -25 16     73    32   538  0.53  0.27
04LM  31 MAY 76  SERC-J1    13 37   -25 15     90    44   602  0.46  0.31
04LN  10 OCT 80  SERC-J2    22 47   -24 44     67    13   477  0.51  0.26
04LO  11 JUL 80  SERC-J2    23 09   -24 44     92    21   415  0.65  0.27
04LP  21 JUL 77  SERC-J2    23 31   -24 43     67    19   418  0.59  0.29
04LQ  20 AUG 82  SERC-J2    23 53   -24 43     86    14   407  0.67  0.26
04LR  15 JAN 83  SERC-J2    04 35   -19 54    103    26   709  0.54  0.25
04LS  24 FEB 81  SERC-J2    06 20   -20 01    321    55  1452  0.53  0.29
04LT  22 APR 84  SERC-J2    09 29   -20 13    161    48   818  0.63  0.30
04LU  29 OCT 80  SERC-J2    23 30   -19 43    146    20   378  0.61  0.28
04M8  06 SEP 83  PAL-V1     22 44   +03 33     55    23   568  0.53  0.25
04MU  01 OCT 83  SERC-J2    00 03   -09 43     79    33   369  0.58  0.28
04MV  08 MAY 83  SERC-J2    14 43   -10 13    116    30   493  0.57  0.30
04MW  13 OCT 82  SERC-J2    01 23   -04 44     67    35   466  0.53  0.26
04MX  18 NOV 84  SERC-J2    05 02   -04 56    494    64  1004  0.68  0.32
04MY  05 MAR 84  SERC-J2    08 42   -05 11    331    50  1089  0.59  0.30
04MZ  11 MAY 83  SERC-J2    09 43   -05 14    153    39   621  0.59  0.27
04N0  29 MAR 84  SERC-J2    16 43   -05 06     77    26   495  0.48  0.29
04N1  17 JUL 83  SERC-J2    23 43   -04 43     93    16   387  0.60  0.29
04N2  14 JUN 83  SERC-J2    21 03   +00 12     99    47   797  0.55  0.30
04NJ  25 JUN 80  SERC-J2    23 09   -54 44    119    33   576  0.63  0.27
04NL  10 DEC 79  SERC-J2    04 04   -24 52     89    35   588  0.47  0.26
04NM  08 FEB 80  SERC-J2    05 32   -24 58    164    52   899  0.52  0.28
04NN  06 JAN 78  SERC-J2    05 54   -24 59    166    67  1072  0.57  0.27
04NO  09 JAN 78  SERC-J2    08 06   -25 09    864   419  2735  0.57  0.43
04NP  10 JAN 78  SERC-J2    08 50   -25 11    598   124  1341  0.62  0.37
04NQ  15 MAR 78  SERC-J2    11 02   -25 16     83    41   745  0.47  0.26
04NR  27 MAY 78  SERC-J2    11 47   -25 17    163    60   746  0.59  0.33
04NS  17 FEB 78  SERC-J2    12 09   -25 17    167    47   709  0.61  0.29
04NT  24 JUN 76  SERC-J1    13 59   -25 15    123    40   631  0.58  0.30
04NU  31 MAY 76  SERC-J1    15 05   -25 12    154    80   766  0.52  0.32
04NW  21 JUL 77  SERC-J2    20 13   -24 51    101    37   754  0.47  0.33
04NX  09 OCT 79  SERC-J2    21 19   -24 47    147    51   599  0.66  0.28
04NY  21 JUL 77  SERC-J2    22 03   -24 45    120    33   578  0.52  0.27
04NZ  04 NOV 77  SERC-J2    00 03   -19 43    108    30   393  0.60  0.26
04O0  07 DEC 77  SERC-J2    02 08   -19 46     58    22   372  0.57  0.25
04O1  30 DEC 78  SERC-J2    04 14   -19 52     99    32   647  0.47  0.28
04O2  03 FEB 78  SERC-J2    05 38   -19 58    438    57  1072  0.66  0.29
04O3  26 DEC 76  SERC-J1    09 08   -20 12    282    64   916  0.70  0.29
04O4  26 JAN 77  SERC-J1    09 50   -20 14    170    49   723  0.60  0.33
04O5  29 APR 78  SERC-J2    11 14   -20 16    120    38   588  0.59  0.30
04O6  18 FEB 78  SERC-J2    12 39   -20 16    117    29   496  0.61  0.29
04O7  29 JUN 76  SERC-J1    14 03   -20 14    142    33   505  0.61  0.28
04O8  20 JUL 77  SERC-J2    20 00   -19 52    134    48   732  0.56  0.33
04O9  16 SEP 76  SERC-J1    20 42   -19 49    156    70   940  0.56  0.30
04OA  20 JUL 77  SERC-J2    21 24   -19 47    117    28   628  0.55  0.28
04UH  07 OCT 77  SERC-J2    23 09   -74 44     81    35   711  0.50  0.26
04UI  06 JUL 79  SERC-J2    23 29   -59 43    310    48   613  0.69  0.29
04UJ  04 MAR 78  SERC-J2    10 18   -45 15   1007   222  1962  0.73  0.40
04UK  21 APR 76  SERC-J1    12 39   -45 16    569   111  1234  0.74  0.36
04UM  31 DEC 78  SERC-J2    04 38   -29 54    218    39   705  0.58  0.26
04UP  10 JUL 77  SERC-J2    16 09   -30 08    521    84  1068  0.66  0.37
04UQ  23 JUL 74  SERC-J1    19 13   -29 55    440   148  1101  0.63  0.41
04UR  01 OCT 83  SERC-J2    01 30   -24 45    181    33   443  0.67  0.26
04US  21 NOV 76  SERC-J1    02 14   -24 46    133    28   399  0.60  0.31
04UT  13 NOV 82  SERC-J2    03 32   -19 50    184    19   352  0.66  0.29
04UU  20 MAY 79  SERC-J2    10 32   -20 15    236    30   722  0.61  0.27
04UV  15 FEB 83  SERC-J2    11 57   -20 17    216    39   688  0.61  0.28
04WB  09 OCT 78  SERC-J2    05 01   -29 56    245    27   806  0.58  0.30
04YB  14 SEP 83  PAL-V1     00 20   +03 36     49    15   464  0.44  0.28
04YC  14 SEP 83  PAL-V1     00 44   +03 34     51    17   511  0.43  0.29
04YD  14 SEP 83  PAL-V1     01 08   +03 34     59    24   526  0.46  0.26
04YE  09 SEP 83  PAL-V1     01 32   +03 31     58    25   489  0.47  0.31
04YF  09 SEP 83  PAL-V1     01 56   +03 30     48    25   478  0.53  0.30
04YG  09 SEP 83  PAL-V1     02 20   +03 27     39    20   443  0.46  0.28
04YH  11 OCT 83  PAL-V1     02 44   +03 24     50    15   470  0.47  0.27
04YJ  14 SEP 83  PAL-V1     03 08   +03 20     49    25   455  0.50  0.27
04YK  14 SEP 83  PAL-V1     03 32   +03 16     48     8   446  0.49  0.26
04YL  10 OCT 83  PAL-V1     03 56   +03 13     22     7   383  0.53  0.29
04YM  10 OCT 83  PAL-V1     04 20   +03 09     54    18   524  0.45  0.31
04YN  10 OCT 83  PAL-V1     04 44   +03 04    112    35   941  0.44  0.28
04YO  10 OCT 83  PAL-V1     05 08   +02 59    113    37  1168  0.50  0.31
04YP  06 NOV 83  PAL-V1     05 32   +02 54     80    29  1353  0.43  0.25
04YQ  06 NOV 83  PAL-V1     05 56   +02 48     52    23   777  0.47  0.28
04ZE  10 AUG 80  SERC-J2    21 33   -44 38    129    37   633  0.60  0.30
050R  07 JUL 83  PAL-V1     19 10   +30 14    287   147  2329  0.47  0.35
050S  04 SEP 83  PAL-V1     18 20   +02 50    118    72  1047  0.50  0.35
050T  05 SEP 83  PAL-V1     18 44   +02 55     92    44   945  0.50  0.29
050U  04 SEP 83  PAL-V1     19 08   +03 01    146    80  1143  0.50  0.34
050V  06 SEP 83  PAL-V1     19 32   +03 05    148    82  1168  0.51  0.35
050W  04 SEP 83  PAL-V1     19 56   +03 10    145    79  1388  0.49  0.34
050X  05 SEP 83  PAL-V1     20 20   +03 14     95    45  1408  0.49  0.28
050Y  07 SEP 83  PAL-V1     20 44   +03 18    182    37  1387  0.52  0.29
050Z  07 SEP 83  PAL-V1     21 08   +03 22     64    27   758  0.44  0.26
0510  07 SEP 83  PAL-V1     21 32   +03 25     78    26   723  0.43  0.24
0511  06 SEP 83  PAL-V1     21 56   +03 27     75    27   631  0.55  0.28
0512  06 SEP 83  PAL-V1     22 13   +02 52     70    26   564  0.54  0.28
0514  07 SEP 83  PAL-V1     23 08   +03 34     72    20   504  0.50  0.28
0515  06 SEP 83  PAL-V1     23 32   +03 36     68    26   444  0.51  0.29
0516  06 SEP 83  PAL-V1     23 56   +03 36     69    24   499  0.50  0.29
0517  23 MAY 82  PAL-V1     19 05   +42 13    116    59  1604  0.43  0.28
0590  18 JAN 85  PAL-V4     12 07   +17 12     16    10   342  0.49  0.21
0591  12 AUG 83  PAL-V1     20 55   +18 33    217    58  1405  0.50  0.33
0592  16 APR 83  PAL-V1     11 43   +05 12     40     8   418  0.49  0.28
05XR  09 SEP 79  SERC-J2    19 42   -59 53    543    43   942  0.69  0.27
05XS  05 OCT 75  SERC-J1    23 42   -54 43    158    31   520  0.58  0.26
05XT  11 MAY 85  SERC-J2    13 07   -45 16    543    66  1080  0.74  0.33
05XU  21 AUG 84  SERC-J2    22 51   -34 44    382    19   505  0.78  0.24
05XV  20 JUL 85  SERC-J2    23 39   -34 43    346    23   408  0.76  0.24
05XW  17 FEB 78  SERC-J2    13 05   -30 16    108    31   654  0.55  0.28
05XX  04 MAR 78  SERC-J2    08 28   -25 10   1122   226  2033  0.66  0.38
05XY  27 MAY 76  SERC-J1    14 21   -25 14    156    53   632  0.58  0.32
05XZ  09 SEP 78  SERC-J2    01 47   -19 45     52    21   388  0.61  0.27
05Y0  28 DEC 79  SERC-J2    08 26   -20 10    403   138  1627  0.58  0.35
05Y1  14 MAR 80  SERC-J2    10 53   -20 16    286    37   557  0.71  0.28
05Y2  15 JUN 79  SERC-J2    12 18   -20 17    144    28   608  0.56  0.27
05Y3  08 FEB 78  SERC-J2    13 00   -20 16     96    36   436  0.53  0.26
05Y4  16 NOV 76  SERC-J1    23 51   -19 43    107    30   348  0.73  0.26
05Y5  14 NOV 82  SERC-J2    03 41   -64 50     56    31   588  0.48  0.25
05ZW  24 JAN 87  SERC-V     05 12   -69 57     85    33   849  0.60  0.22
05ZX  10 MAR 87  SERC-V     12 11   -70 17   1115    33  1694  0.82  0.22
05ZZ  23 MAY 87  SERC-V     13 56   -70 15    734    41  1871  0.79  0.23
0600  24 MAY 87  SERC-V     14 49   -70 12    834    40  2233  0.77  0.22
0608  19 APR 87  SERC-V     17 43   -10 01     51     7   390  0.65  0.21
0609  17 JUN 87  SERC-V     19 23   -14 54    150    39  1189  0.49  0.20
060A  19 JUN 87  SERC-V     18 36   -19 57    205    48  1252  0.59  0.26
060B  03 MAY 87  SERC-V     17 54   -20 01    184    31   979  0.60  0.22
060C  31 MAY 87  SERC-V     19 07   -24 55    304    32  1052  0.63  0.24
060D  31 MAY 87  SERC-V     19 23   -09 54    179    26  1053  0.56  0.23
060E  18 MAY 87  SERC-V     18 27   -29 58    299    42  1222  0.66  0.26
060F  31 MAR 87  SERC-V     08 05   -30 09    701    90  3076  0.62  0.22
060G  18 MAY 87  SERC-V     18 27   -34 58    627    53  1593  0.59  0.24
060H  25 APR 87  SERC-V     17 39   -35 02    456    33  1745  0.64  0.23
060U  12 MAR 87  SERC-V     10 18   -65 15   1264    48  1945  0.79  0.24
060V  29 JAN 87  SERC-V     11 02   -65 16   1058    44  1712  0.83  0.24
060W  06 APR 87  SERC-V     12 31   -65 17    903    71  2293  0.79  0.25
060X  31 JAN 87  SERC-V     13 15   -65 16    750    70  2610  0.72  0.25
060Y  24 MAY 87  SERC-V     14 00   -65 15    836    92  2884  0.74  0.24
060Z  24 MAY 87  SERC-V     14 44   -65 13    438    64  2238  0.71  0.24
0610  12 MAR 87  SERC-V     11 26   -60 17    583   234  3879  0.60  0.29
0611  24 JAN 87  SERC-V     12 43   -60 16    255   103  2673  0.50  0.26
0612  11 MAR 87  SERC-V     09 56   -55 14    301   104  3067  0.53  0.23
0613  12 MAR 87  SERC-V     10 29   -55 15    473   106  3113  0.56  0.24
0614  30 JAN 87  SERC-V     11 02   -55 16    418   119  3047  0.58  0.24
0615  18 JUN 87  SERC-V     13 15   -55 16    424    47  1950  0.56  0.22
0616  18 APR 87  SERC-V     17 07   -55 04    187    31  1763  0.56  0.24
0617  11 MAR 87  SERC-V     09 02   -50 12    884    62  2170  0.75  0.22
0618  04 JUL 87  SERC-V     11 32   -50 17    421    36  1843  0.74  0.21
0619  25 APR 87  SERC-V     15 34   -50 10    334    81  2507  0.51  0.24
061A  19 APR 87  SERC-V     17 48   -45 01    277    49  1912  0.61  0.23
061B  21 MAY 87  SERC-V     16 31   -40 06    189    21   985  0.57  0.24
061E  01 OCT 86  SERC-J2    03 28   -69 50    110    47   605  0.53  0.23
061F  21 DEC 86  SERC-J2    04 58   -54 56    152    83   809  0.58  0.28
064B  27 AUG 86  SERC-V     18 23   -14 58    200    94  1756  0.51  0.26
064C  25 AUG 86  SERC-V     18 43   -14 57    182    38  1074  0.53  0.25
064D  22 AUG 86  SERC-V     19 03   -14 56    131    30  1186  0.51  0.24
064E  27 AUG 86  SERC-V     18 43   -09 57    164    43   965  0.51  0.26
064F  01 SEP 86  SERC-V     18 43   -04 57     91    59   907  0.47  0.25
064G  26 AUG 86  SERC-V     19 03   -04 56    117    59  1029  0.56  0.24
065D  01 FEB 87  SERC-V     13 03   -70 16    872    31  1792  0.83  0.23
067D  17 SEP 87  SERC-V     18 04   -50 00    521    27  1486  0.60  0.22
067E  16 SEP 87  SERC-V     18 03   -35 00    715    59  1693  0.66  0.27
067F  16 SEP 87  SERC-V     18 03   -15 00    108    42  1076  0.48  0.24
067N  14 SEP 87  SERC-V     17 41   -30 01    534    59  1737  0.66  0.25
067O  04 AUG 87  SERC-V     18 04   -30 00    365    53  1563  0.64  0.29
067P  26 AUG 87  SERC-V     17 17   -25 03    113    13   745  0.56  0.22
067Q  14 SEP 87  SERC-V     17 39   -25 02    142    22   678  0.65  0.23
067R  15 SEP 87  SERC-V     18 01   -25 00    232    76  1520  0.50  0.26
067S  04 AUG 87  SERC-V     18 23   -24 58    391    41  1201  0.65  0.26
067T  20 JUL 87  SERC-V     18 45   -24 57    260    52  1031  0.69  0.23
067U  24 JUL 87  SERC-V     18 15   -19 59    280   121  2060  0.51  0.26
0686  12 MAR 87  SERC-V     10 10   -60 15    307   152  3690  0.47  0.25
0687  26 AUG 87  SERC-V     15 16   -60 11    506    64  1983  0.62  0.23
0688  14 SEP 87  SERC-V     17 40   -55 02    352    39  1444  0.57  0.22
0689  12 SEP 87  SERC-V     17 34   -50 02    471    57  1813  0.59  0.35
068A  11 SEP 87  SERC-V     18 41   -39 57    439    36  1408  0.61  0.24
068C  12 SEP 87  SERC-V     17 18   -30 03    692    39  1338  0.56  0.23
068D  20 AUG 87  SERC-V     17 33   -20 02    108    17   775  0.51  0.23
068E  04 AUG 87  SERC-V     19 18   -19 55    366    38  1380  0.64  0.22
068F  26 AUG 87  SERC-V     17 43   -15 01     90    25   819  0.55  0.22
068G  06 APR 87  SERC-V     12 05   -60 17    263   126  3337  0.50  0.25
068H  18 MAY 87  SERC-V     18 50   -29 56    802    29  1216  0.71  0.22
06A6  19 JAN 87  SERC-V     10 48   -60 16    822   348  4376  0.66  0.29
06AF  27 JAN 87  SERC-V     05 08   -64 56     76    12   811  0.51  0.20
06AG  06 APR 87  SERC-V     11 46   -65 17    867    85  2437  0.78  0.25
06AH  21 MAY 87  SERC-V     16 32   -60 06    993    67  2820  0.61  0.24
06AI  06 APR 87  SERC-V     13 48   -55 15    410    45  1840  0.53  0.22
06AJ  18 APR 87  SERC-V     16 34   -55 06    747   102  2857  0.63  0.27
06AK  09 APR 87  SERC-V     15 56   -45 09    103    41  1731  0.44  0.24
06AL  04 AUG 87  SERC-V     18 57   -19 56     70    39  1220  0.50  0.22
06AM  31 JUL 87  SERC-V     17 12   -20 04    147    17   791  0.54  0.22
06AN  19 AUG 87  SERC-V     18 51   -34 56    471    36  1327  0.63  0.22
06AO  26 AUG 87  SERC-V     17 23   -40 03    688    46  1950  0.58  0.25
06AP  11 SEP 87  SERC-V     18 15   -39 59    393    51  1795  0.67  0.24
06AQ  12 SEP 87  SERC-V     17 20   -45 03    143    48  1845  0.51  0.25
06AR  13 SEP 87  SERC-V     18 16   -44 59    316    44  1705  0.55  0.24
06AS  15 SEP 87  SERC-V     17 49   -40 01    359    51  1959  0.65  0.26
06AT  01 SEP 86  SERC-V     19 03   +00 04    169    18   916  0.61  0.20
06AU  25 AUG 86  SERC-V     19 03   -09 56    133    42  1257  0.47  0.25
06B0  12 MAR 79  SERC-V     05 30   -67 48     92    36   886  0.59  0.25
06B1  18 DEC 85  SERC-V     00 57   -72 44     60    28   729  0.47  0.22
06EL  18 FEB 86  GPO-V      05 35   -05 55    114   114   118  0.94  0.94
06H7  29 APR 87  BBO-B      12 37   -69 08    124     9   216  0.87  0.26
06PN  12 JAN 88  SERC-V     08 26   -35 10   2242    59  2690  0.78  0.22
06PO  13 APR 88  SERC-V     16 32   -30 06    502    12  1025  0.62  0.24
06PP  13 APR 88  SERC-V     16 55   -25 05    114    17   989  0.52  0.22
06PQ  12 DEC 88  SERC-V     09 33   -65 13   1024    32  1835  0.82  0.21
06PS  19 JUN 88  SERC-V     11 35   -55 17    335    56  2675  0.53  0.22
06PT  19 JUN 88  SERC-V     14 33   -50 13    292    31  1783  0.58  0.29
06PU  05 JUN 88  SERC-V     16 01   -55 08    801   125  2889  0.62  0.25
06PV  13 JUN 88  SERC-V     16 04   -50 08    404    70  2458  0.56  0.24
06PX  05 JUN 88  SERC-V     15 04   -50 12    217    49  2115  0.51  0.22
06PY  23 MAY 88  SERC-V     16 55   -30 05    540    28  1228  0.58  0.23
06PZ  23 MAY 88  SERC-V     16 34   -50 06    669   100  2888  0.59  0.26
06Q0  19 APR 88  SERC-V     15 39   -40 10    578    34  1536  0.56  0.25
06Q1  19 APR 88  SERC-V     15 54   -60 09    808    80  2635  0.62  0.25
06Q2  14 APR 88  SERC-V     16 57   -40 05    407    58  1779  0.59  0.24
06Q3  14 APR 88  SERC-V     17 15   -35 03    629    26  1616  0.67  0.25
06Q4  21 APR 88  SERC-V     16 51   -35 05    540    17   938  0.72  0.23
06RX  23 FEB 88  SERC-J2    14 03   -10 14     94    43   446  0.59  0.28
06SJ  23 MAY 88  SERC-V     19 42   +18 20     87    43  1747  0.39  0.21
06ST  23 JUL 74  SERC-J1    19 51   -24 52    151    67   753  0.57  0.34
0704  15 SEP 88  PAL-J      01 34   +89 01     10     8   245  0.46  0.21
0705  15 SEP 88  PAL-J      07 41   +87 01     31    19   579  0.45  0.22
0707  20 AUG 88  PAL-J      18 25   +87 49     13    10   602  0.40  0.21
0708  16 SEP 88  PAL-J      06 16   +78 00     77    28   919  0.46  0.22
071J  15 SEP 88  PAL-J      12 54   +87 39     26    20   401  0.39  0.20
071M  28 JUN 51  PAL-E      17 52   +23 58    141    84  1079  0.45  0.35
071R  20 AUG 88  PAL-J      17 49   +26 17     64    29  1061  0.47  0.24
0738  17 DEC 85  PAL-V5     00 43   +40 58      4     4   146  0.26  0.17
